,Source Function / Function / Call Stack,CPU Time (s),Retiring,Front-End Bound,Bad Speculation,L1 Bound,L2 Bound,L3 Bound,Memory Bandwidth,Local DRAM,Remote DRAM,Remote Cache,Store Bound,Core Bound,CPU Time %,config
0,decode_mcu,1774.902,40.2,8.1,41.9,16.8,0.1,0.1,10.1,0.0,0.0,0.0,0.0,6.1,21.2416609909405,b128_gpu1
1,jpeg_idct_islow,1403.021,69.7,2.6,5.6,1.8,0.0,0.0,8.6,0.0,0.0,0.0,0.2,20.8,16.791065898382183,b128_gpu1
2,ImagingResampleHorizontal_8bpc,622.371,89.8,2.0,0.5,0.7,0.0,0.1,14.5,0.0,0.0,0.0,0.0,7.2,7.448407738901995,b128_gpu1
3,ycc_rgb_convert,511.015,83.8,0.4,0.0,0.1,0.0,0.0,9.6,0.0,0.0,0.0,0.0,15.5,6.115722102564232,b128_gpu1
4,"c10::function_ref<void (char**, long const*, long, long)>::callback_fn<at::native::AVX2::VectorizedLoop2d<at::native::AVX2::direct_copy_kernel(at::TensorIteratorBase&)::{lambda()#3}::operator()(void) const::{lambda()#7}::operator()(void) const::{lambda(float)#1}, at::native::AVX2::direct_copy_kernel(at::TensorIteratorBase&)::{lambda()#3}::operator()(void) const::{lambda()#7}::operator()(void) const::{lambda(at::vec::AVX2::Vectorized<float>)#2}>>",246.03,4.8,0.6,0.6,9.0,9.4,11.5,74.8,92.9,100.0,3.4,79.6,5.3,2.944436286398399,b128_gpu1
5,jpeg_idct_16x16,215.66,86.5,1.1,0.0,0.3,0.0,0.0,9.8,0.0,0.0,0.0,0.4,11.7,2.580974391434698,b128_gpu1
6,__memmove_avx_unaligned_erms,202.02,8.2,1.8,0.6,21.1,13.6,30.1,66.4,24.1,13.9,0.0,76.5,8.5,2.4177336852343396,b128_gpu1
7,"at::native::AVX2::vectorized_loop<at::native::(anonymous namespace)::div_true_kernel(at::TensorIteratorBase&)::{lambda()#1}::operator()(void) const::{lambda()#2}::operator()(void) const::{lambda(floatfloat)#1}&, at::native::(anonymous namespace)::div_true_kernel(at::TensorIteratorBase&)::{lambda()#1}::operator()(void) const::{lambda()#2}::operator()(void) const::{lambda(at::vec::AVX2::Vectorized<float>at::vec::AVX2::Vectorized<float>)#2}&>.isra.0",153.455,13.5,0.3,0.8,23.8,11.7,6.5,91.4,0.0,0.0,0.0,8.6,42.3,1.83651778372258,b128_gpu1
8,decompress_onepass,141.39,54.1,5.4,27.8,3.0,0.0,0.1,9.4,0.0,0.0,0.0,0.3,11.5,1.6921263526150045,b128_gpu1
9,ImagingUnpackRGB,129.475,93.3,6.5,0.0,0.9,0.0,0.0,9.6,0.0,0.0,0.0,0.4,2.2,1.5495300905638851,b128_gpu1
10,"c10::function_ref<void (char**, long const*, long, long)>::callback_fn<at::native::AVX2::VectorizedLoop2d<at::native::AVX2::direct_copy_kernel(at::TensorIteratorBase&)::{lambda()#3}::operator()(void) const::{lambda()#1}::operator()(void) const::{lambda(unsigned char)#1}, at::native::AVX2::direct_copy_kernel(at::TensorIteratorBase&)::{lambda()#3}::operator()(void) const::{lambda()#1}::operator()(void) const::{lambda(at::vec::AVX2::Vectorized<unsigned char>)#2}>>",83.255,100.0,0.3,0.0,0.0,0.4,0.0,64.3,0.0,0.0,0.0,0.0,0.0,0.9963786653013806,b128_gpu1
11,"c10::function_ref<void (char**, long const*, long, long)>::callback_fn<at::TensorIteratorBase::loop_2d_from_1d<at::native::AVX2::copy_kernel(at::TensorIterator&, bool)::{lambda()#1}::operator()(void) const::{lambda()#7}::operator()(void) const::{lambda()#1}::operator()(void) const::{lambda()#1}::operator()(void) const::{lambda(char**long const*, long)#1}>(, signed char, at::native::AVX2::copy_kernel(at::TensorIterator&, bool)::{lambda()#1}::operator()(void) const::{lambda()#7}::operator()(void) const::{lambda()#1}::operator()(void) const::{lambda()#1}::operator()(void) const::{lambda(char**long const*, long)#1} const&)::{lambda(char**long const*, long, long)#1}>",37.08,23.3,0.5,1.0,3.6,22.3,9.8,96.6,0.0,0.0,0.0,40.6,26.3,0.4437657907558128,b128_gpu1
12,ImagingPackRGB,33.025,77.3,4.6,8.3,0.1,0.6,0.6,45.9,0.0,0.0,0.0,0.6,7.7,0.39523638726296434,b128_gpu1
13,"c10::function_ref<void (char**, long const*, long, long)>::callback_fn<at::native::AVX2::VectorizedLoop2d<at::native::(anonymous namespace)::add_kernel(at::TensorIteratorBase&, c10::Scalar const&)::{lambda()#1}::operator()(void) const::{lambda()#7}::operator()(void) const::{lambda(floatfloat)#1}, at::native::(anonymous namespace)::add_kernel(at::TensorIteratorBase&, c10::Scalar const&)::{lambda()#1}::operator()(void) const::{lambda()#7}::operator()(void) const::{lambda(at::vec::AVX2::Vectorized<float>at::vec::AVX2::Vectorized<float>)#2}>>",31.345,26.9,16.3,0.0,1.6,9.7,22.2,95.5,0.0,0.0,0.0,4.2,26.3,0.37513049383066216,b128_gpu1
14,__memset_avx2_unaligned_erms,27.61,46.3,24.8,14.7,4.4,0.9,0.0,8.1,0.0,0.0,0.0,4.4,8.6,0.3304307843249189,b128_gpu1
15,ImagingFlipLeftRight,20.115,88.5,0.7,8.6,1.8,0.0,0.9,38.2,0.0,0.0,0.0,0.7,2.0,0.2407321704706897,b128_gpu1
16,_int_free,8.845,24.4,58.8,10.6,3.0,0.0,18.5,32.5,0.0,0.0,0.0,0.5,3.2,0.10585513536232914,b128_gpu1
17,__libc_calloc,2.07,14.9,93.0,5.8,34.1,9.7,14.6,14.6,0.0,0.0,0.0,2.4,0.0,0.024773332979086637,b128_gpu1
18,decode_mcu,1786.437,40.5,8.0,41.3,17.1,0.2,0.1,13.3,0.0,0.0,0.0,0.0,6.3,21.574156184042675,b128_gpu2
19,jpeg_idct_islow,1407.286,70.1,2.6,5.3,1.8,0.0,0.0,11.8,0.0,0.0,0.0,0.1,20.7,16.99528612518476,b128_gpu2
20,ImagingResampleHorizontal_8bpc,612.371,91.8,1.7,0.3,0.6,0.0,0.0,15.5,0.0,0.0,0.0,0.0,5.9,7.39538399427374,b128_gpu2
21,ycc_rgb_convert,511.725,86.0,0.5,0.2,0.2,0.1,0.0,12.6,0.0,0.0,0.0,0.1,12.2,6.179918504419265,b128_gpu2
22,"c10::function_ref<void (char**, long const*, long, long)>::callback_fn<at::native::AVX2::VectorizedLoop2d<at::native::AVX2::direct_copy_kernel(at::TensorIteratorBase&)::{lambda()#3}::operator()(void) const::{lambda()#7}::operator()(void) const::{lambda(float)#1}, at::native::AVX2::direct_copy_kernel(at::TensorIteratorBase&)::{lambda()#3}::operator()(void) const::{lambda()#7}::operator()(void) const::{lambda(at::vec::AVX2::Vectorized<float>)#2}>>",230.475,5.4,0.8,0.5,11.0,15.7,13.3,80.8,100.0,100.0,2.2,94.0,5.5,2.7833635591499926,b128_gpu2
23,jpeg_idct_16x16,218.77,87.5,1.0,0.1,0.4,0.0,0.0,12.2,0.0,0.0,0.0,0.4,10.9,2.642006490227764,b128_gpu2
24,__memmove_avx_unaligned_erms,209.09,8.7,2.1,0.0,19.6,12.9,31.2,68.5,17.1,0.0,0.0,79.0,10.4,2.525104616911474,b128_gpu2
25,"at::native::AVX2::vectorized_loop<at::native::(anonymous namespace)::div_true_kernel(at::TensorIteratorBase&)::{lambda()#1}::operator()(void) const::{lambda()#2}::operator()(void) const::{lambda(floatfloat)#1}&, at::native::(anonymous namespace)::div_true_kernel(at::TensorIteratorBase&)::{lambda()#1}::operator()(void) const::{lambda()#2}::operator()(void) const::{lambda(at::vec::AVX2::Vectorized<float>at::vec::AVX2::Vectorized<float>)#2}&>.isra.0",154.285,12.3,0.4,0.9,26.2,9.8,6.9,92.4,1.3,0.0,0.0,8.0,38.9,1.8632443723764252,b128_gpu2
26,decompress_onepass,136.68,52.2,5.8,28.6,4.0,0.0,0.0,11.7,0.0,0.0,0.0,0.4,11.3,1.6506351286023255,b128_gpu2
27,ImagingUnpackRGB,133.045,94.0,6.2,0.3,0.5,0.1,0.0,12.3,0.0,0.0,0.0,0.6,0.0,1.6067365429096898,b128_gpu2
28,"c10::function_ref<void (char**, long const*, long, long)>::callback_fn<at::native::AVX2::VectorizedLoop2d<at::native::AVX2::direct_copy_kernel(at::TensorIteratorBase&)::{lambda()#3}::operator()(void) const::{lambda()#1}::operator()(void) const::{lambda(unsigned char)#1}, at::native::AVX2::direct_copy_kernel(at::TensorIteratorBase&)::{lambda()#3}::operator()(void) const::{lambda()#1}::operator()(void) const::{lambda(at::vec::AVX2::Vectorized<unsigned char>)#2}>>",83.47,96.8,0.5,1.9,0.4,0.0,0.1,58.0,0.0,0.0,0.0,0.0,2.1,1.0080371245568929,b128_gpu2
29,"c10::function_ref<void (char**, long const*, long, long)>::callback_fn<at::TensorIteratorBase::loop_2d_from_1d<at::native::AVX2::copy_kernel(at::TensorIterator&, bool)::{lambda()#1}::operator()(void) const::{lambda()#7}::operator()(void) const::{lambda()#1}::operator()(void) const::{lambda()#1}::operator()(void) const::{lambda(char**long const*, long)#1}>(, signed char, at::native::AVX2::copy_kernel(at::TensorIterator&, bool)::{lambda()#1}::operator()(void) const::{lambda()#7}::operator()(void) const::{lambda()#1}::operator()(void) const::{lambda()#1}::operator()(void) const::{lambda(char**long const*, long)#1} const&)::{lambda(char**long const*, long, long)#1}>",37.0,24.1,0.6,0.0,3.6,20.8,9.0,95.5,0.0,0.0,0.0,41.0,22.2,0.4468356727998687,b128_gpu2
30,ImagingPackRGB,33.555,81.5,4.2,0.0,0.9,0.9,0.3,41.8,0.0,0.0,0.0,0.4,12.8,0.40523164867025924,b128_gpu2
31,"c10::function_ref<void (char**, long const*, long, long)>::callback_fn<at::native::AVX2::VectorizedLoop2d<at::native::(anonymous namespace)::add_kernel(at::TensorIteratorBase&, c10::Scalar const&)::{lambda()#1}::operator()(void) const::{lambda()#7}::operator()(void) const::{lambda(floatfloat)#1}, at::native::(anonymous namespace)::add_kernel(at::TensorIteratorBase&, c10::Scalar const&)::{lambda()#1}::operator()(void) const::{lambda()#7}::operator()(void) const::{lambda(at::vec::AVX2::Vectorized<float>at::vec::AVX2::Vectorized<float>)#2}>>",30.945,28.3,17.4,0.0,0.4,13.8,23.8,89.6,0.0,0.0,0.0,3.2,24.4,0.37371161877816045,b128_gpu2
32,__memset_avx2_unaligned_erms,30.4,39.0,25.2,22.2,8.0,0.0,0.0,12.2,0.0,0.0,0.0,2.8,10.4,0.3671298500842164,b128_gpu2
33,ImagingFlipLeftRight,20.22,100.0,1.6,9.7,0.9,0.0,0.4,36.8,0.0,0.0,0.0,0.4,0.0,0.24418965686522554,b128_gpu2
34,_int_free,12.07,24.0,53.8,19.8,7.2,0.0,12.5,41.6,24.2,0.0,0.0,0.5,1.0,0.14576504245120042,b128_gpu2
35,__libc_calloc,2.015,16.9,88.2,4.4,10.7,19.2,12.8,17.1,0.0,0.0,0.0,6.4,0.0,0.024334429207884742,b128_gpu2
36,decode_mcu,1831.437,40.6,8.2,41.5,17.1,0.1,0.1,11.7,0.0,0.0,0.0,0.0,5.9,21.64613433900608,b128_gpu3
37,jpeg_idct_islow,1440.591,70.9,2.6,5.5,1.9,0.0,0.0,10.3,0.0,0.0,0.0,0.1,19.7,17.02664427635955,b128_gpu3
38,ImagingResampleHorizontal_8bpc,636.471,90.2,2.0,1.1,0.8,0.0,0.1,14.0,0.0,0.0,0.0,0.1,6.3,7.522582960200945,b128_gpu3
39,ycc_rgb_convert,522.895,86.2,0.4,0.6,0.2,0.0,0.0,10.8,0.0,0.0,0.2,0.1,11.8,6.180204623579509,b128_gpu3
40,"c10::function_ref<void (char**, long const*, long, long)>::callback_fn<at::native::AVX2::VectorizedLoop2d<at::native::AVX2::direct_copy_kernel(at::TensorIteratorBase&)::{lambda()#3}::operator()(void) const::{lambda()#7}::operator()(void) const::{lambda(float)#1}, at::native::AVX2::direct_copy_kernel(at::TensorIteratorBase&)::{lambda()#3}::operator()(void) const::{lambda()#7}::operator()(void) const::{lambda(at::vec::AVX2::Vectorized<float>)#2}>>",235.255,5.5,0.5,0.3,10.6,15.6,12.4,83.2,100.0,100.0,1.6,93.4,5.7,2.78052771344189,b128_gpu3
41,jpeg_idct_16x16,226.465,87.2,1.1,0.8,0.3,0.0,0.0,10.0,0.0,0.0,0.0,0.3,10.2,2.6766368775355156,b128_gpu3
42,__memmove_avx_unaligned_erms,224.885,7.6,1.8,0.6,20.8,13.8,28.0,67.1,27.3,0.0,0.0,80.9,9.8,2.657962529329364,b128_gpu3
43,"at::native::AVX2::vectorized_loop<at::native::(anonymous namespace)::div_true_kernel(at::TensorIteratorBase&)::{lambda()#1}::operator()(void) const::{lambda()#2}::operator()(void) const::{lambda(floatfloat)#1}&, at::native::(anonymous namespace)::div_true_kernel(at::TensorIteratorBase&)::{lambda()#1}::operator()(void) const::{lambda()#2}::operator()(void) const::{lambda(at::vec::AVX2::Vectorized<float>at::vec::AVX2::Vectorized<float>)#2}&>.isra.0",159.265,13.3,0.3,0.5,23.0,11.6,7.5,89.1,0.0,0.0,0.0,9.4,40.0,1.8823861183878032,b128_gpu3
44,decompress_onepass,142.13,52.3,5.3,24.5,3.5,0.0,0.1,9.9,0.0,0.0,0.0,0.3,15.8,1.6798639940128621,b128_gpu3
45,ImagingUnpackRGB,132.84,88.0,5.8,0.7,0.4,0.1,0.2,10.6,0.0,0.0,0.0,0.8,4.9,1.570063554243781,b128_gpu3
46,"c10::function_ref<void (char**, long const*, long, long)>::callback_fn<at::native::AVX2::VectorizedLoop2d<at::native::AVX2::direct_copy_kernel(at::TensorIteratorBase&)::{lambda()#3}::operator()(void) const::{lambda()#1}::operator()(void) const::{lambda(unsigned char)#1}, at::native::AVX2::direct_copy_kernel(at::TensorIteratorBase&)::{lambda()#3}::operator()(void) const::{lambda()#1}::operator()(void) const::{lambda(at::vec::AVX2::Vectorized<unsigned char>)#2}>>",85.685,95.6,0.4,4.2,0.2,0.0,0.2,52.6,0.0,0.0,0.0,0.0,0.0,1.0127288139519601,b128_gpu3
47,"c10::function_ref<void (char**, long const*, long, long)>::callback_fn<at::TensorIteratorBase::loop_2d_from_1d<at::native::AVX2::copy_kernel(at::TensorIterator&, bool)::{lambda()#1}::operator()(void) const::{lambda()#7}::operator()(void) const::{lambda()#1}::operator()(void) const::{lambda()#1}::operator()(void) const::{lambda(char**long const*, long)#1}>(, signed char, at::native::AVX2::copy_kernel(at::TensorIterator&, bool)::{lambda()#1}::operator()(void) const::{lambda()#7}::operator()(void) const::{lambda()#1}::operator()(void) const::{lambda()#1}::operator()(void) const::{lambda(char**long const*, long)#1} const&)::{lambda(char**long const*, long, long)#1}>",39.805,21.7,0.4,0.8,11.2,16.6,9.8,92.3,0.0,0.0,0.0,43.1,18.9,0.47046356351004,b128_gpu3
48,"c10::function_ref<void (char**, long const*, long, long)>::callback_fn<at::native::AVX2::VectorizedLoop2d<at::native::(anonymous namespace)::add_kernel(at::TensorIteratorBase&, c10::Scalar const&)::{lambda()#1}::operator()(void) const::{lambda()#7}::operator()(void) const::{lambda(floatfloat)#1}, at::native::(anonymous namespace)::add_kernel(at::TensorIteratorBase&, c10::Scalar const&)::{lambda()#1}::operator()(void) const::{lambda()#7}::operator()(void) const::{lambda(at::vec::AVX2::Vectorized<float>at::vec::AVX2::Vectorized<float>)#2}>>",34.41,29.5,18.7,0.0,0.0,11.7,27.0,92.3,0.0,0.0,0.0,3.0,21.0,0.40669893783144007,b128_gpu3
49,ImagingPackRGB,32.665,73.3,5.6,6.2,0.5,0.1,0.9,34.7,0.0,0.0,0.0,0.5,13.0,0.3860744203505955,b128_gpu3
50,__memset_avx2_unaligned_erms,28.265,45.1,25.6,9.5,5.5,1.3,0.0,11.8,0.0,0.0,0.0,3.7,7.0,0.33406990635878103,b128_gpu3
51,ImagingFlipLeftRight,20.755,100.0,0.9,2.4,1.1,0.9,0.7,37.9,0.0,0.0,0.0,1.1,3.4,0.24530765634093402,b128_gpu3
52,_int_free,11.47,23.3,41.3,4.4,17.8,0.0,18.0,44.0,0.0,0.0,0.0,1.3,12.6,0.13556631261048005,b128_gpu3
53,__libc_calloc,1.95,6.9,47.8,21.1,25.2,1.9,13.6,17.5,0.0,0.0,0.0,9.7,3.9,0.023047455064554148,b128_gpu3
54,decode_mcu,1847.822,41.0,8.2,42.3,17.1,0.2,0.1,12.9,0.0,0.0,0.0,0.0,5.1,21.677162176746894,b128_gpu4
55,jpeg_idct_islow,1457.511,70.7,2.9,5.8,1.8,0.0,0.0,11.5,0.0,0.0,0.0,0.2,19.3,17.09834730909825,b128_gpu4
56,ImagingResampleHorizontal_8bpc,657.951,87.5,1.6,2.1,0.7,0.1,0.1,13.9,0.5,0.0,0.0,0.0,8.4,7.7185521827063415,b128_gpu4
57,ycc_rgb_convert,534.191,87.6,0.6,0.0,0.2,0.1,0.0,11.5,0.0,0.0,0.0,0.1,12.1,6.2666993575997045,b128_gpu4
58,"c10::function_ref<void (char**, long const*, long, long)>::callback_fn<at::native::AVX2::VectorizedLoop2d<at::native::AVX2::direct_copy_kernel(at::TensorIteratorBase&)::{lambda()#3}::operator()(void) const::{lambda()#7}::operator()(void) const::{lambda(float)#1}, at::native::AVX2::direct_copy_kernel(at::TensorIteratorBase&)::{lambda()#3}::operator()(void) const::{lambda()#7}::operator()(void) const::{lambda(at::vec::AVX2::Vectorized<float>)#2}>>",232.345,5.2,0.6,0.3,9.7,12.9,12.7,74.7,100.0,100.0,0.0,87.6,5.8,2.725684749914363,b128_gpu4
59,__memmove_avx_unaligned_erms,230.93,7.4,2.0,0.4,22.2,13.5,30.0,66.3,32.5,0.0,0.0,79.9,10.4,2.7090851074812186,b128_gpu4
60,jpeg_idct_16x16,223.665,86.9,1.2,3.1,0.5,0.0,0.0,10.2,0.0,0.0,0.0,0.5,8.2,2.623857968062992,b128_gpu4
61,"at::native::AVX2::vectorized_loop<at::native::(anonymous namespace)::div_true_kernel(at::TensorIteratorBase&)::{lambda()#1}::operator()(void) const::{lambda()#2}::operator()(void) const::{lambda(floatfloat)#1}&, at::native::(anonymous namespace)::div_true_kernel(at::TensorIteratorBase&)::{lambda()#1}::operator()(void) const::{lambda()#2}::operator()(void) const::{lambda(at::vec::AVX2::Vectorized<float>at::vec::AVX2::Vectorized<float>)#2}&>.isra.0",159.605,13.3,0.3,0.2,23.7,13.5,7.2,87.6,0.0,0.0,0.0,9.1,35.7,1.8723575480861727,b128_gpu4
62,decompress_onepass,145.535,55.4,5.8,25.5,2.7,0.1,0.0,10.9,0.0,0.0,0.0,0.2,12.2,1.7072996194399999,b128_gpu4
63,ImagingUnpackRGB,138.605,91.4,5.9,0.0,0.5,0.0,0.0,11.4,0.0,0.0,0.0,1.3,2.4,1.626002430703825,b128_gpu4
64,"c10::function_ref<void (char**, long const*, long, long)>::callback_fn<at::native::AVX2::VectorizedLoop2d<at::native::AVX2::direct_copy_kernel(at::TensorIteratorBase&)::{lambda()#3}::operator()(void) const::{lambda()#1}::operator()(void) const::{lambda(unsigned char)#1}, at::native::AVX2::direct_copy_kernel(at::TensorIteratorBase&)::{lambda()#3}::operator()(void) const::{lambda()#1}::operator()(void) const::{lambda(at::vec::AVX2::Vectorized<unsigned char>)#2}>>",91.025,100.0,0.5,0.0,0.0,0.2,0.2,52.6,0.0,0.0,0.0,0.0,4.2,1.0678321218918199,b128_gpu4
65,"c10::function_ref<void (char**, long const*, long, long)>::callback_fn<at::TensorIteratorBase::loop_2d_from_1d<at::native::AVX2::copy_kernel(at::TensorIterator&, bool)::{lambda()#1}::operator()(void) const::{lambda()#7}::operator()(void) const::{lambda()#1}::operator()(void) const::{lambda()#1}::operator()(void) const::{lambda(char**long const*, long)#1}>(, signed char, at::native::AVX2::copy_kernel(at::TensorIterator&, bool)::{lambda()#1}::operator()(void) const::{lambda()#7}::operator()(void) const::{lambda()#1}::operator()(void) const::{lambda()#1}::operator()(void) const::{lambda(char**long const*, long)#1} const&)::{lambda(char**long const*, long, long)#1}>",40.245,23.7,0.6,0.2,11.5,15.8,10.1,78.8,0.0,0.0,0.0,38.6,18.7,0.47212198566917096,b128_gpu4
66,ImagingPackRGB,36.66,77.0,5.0,7.4,1.1,0.0,0.9,36.0,0.0,0.0,0.0,1.1,9.3,0.43006564777318435,b128_gpu4
67,"c10::function_ref<void (char**, long const*, long, long)>::callback_fn<at::native::AVX2::VectorizedLoop2d<at::native::(anonymous namespace)::add_kernel(at::TensorIteratorBase&, c10::Scalar const&)::{lambda()#1}::operator()(void) const::{lambda()#7}::operator()(void) const::{lambda(floatfloat)#1}, at::native::(anonymous namespace)::add_kernel(at::TensorIteratorBase&, c10::Scalar const&)::{lambda()#1}::operator()(void) const::{lambda()#7}::operator()(void) const::{lambda(at::vec::AVX2::Vectorized<float>at::vec::AVX2::Vectorized<float>)#2}>>",33.455,24.7,15.6,0.2,1.0,9.3,22.5,87.9,0.0,0.0,0.0,3.2,22.9,0.39246716438221185,b128_gpu4
68,__memset_avx2_unaligned_erms,29.865,49.1,33.6,28.3,6.8,0.3,0.0,15.0,0.0,0.0,0.0,3.2,0.0,0.3503521705058961,b128_gpu4
69,ImagingFlipLeftRight,22.25,97.0,0.9,0.0,1.7,0.0,1.0,35.0,0.0,0.0,0.0,1.6,2.7,0.2610191124646305,b128_gpu4
70,_int_free,14.645,22.8,48.6,8.3,14.4,0.0,15.1,32.4,8.4,0.0,0.0,1.1,6.1,0.17180336638402308,b128_gpu4
71,__libc_calloc,2.36,2.5,29.6,5.3,49.5,0.0,34.9,20.4,0.0,0.0,0.0,17.5,0.0,0.027685622715349568,b128_gpu4
72,decode_mcu,1830.992,40.6,8.0,41.5,17.1,0.2,0.1,10.7,0.0,0.0,0.0,0.0,6.0,21.6361950664533,b256_gpu1
73,jpeg_idct_islow,1443.526,69.3,2.6,7.0,1.8,0.0,0.0,9.5,0.0,0.0,0.0,0.1,19.8,17.057644227553734,b256_gpu1
74,ImagingResampleHorizontal_8bpc,618.651,89.6,2.0,1.1,0.6,0.0,0.1,16.7,0.0,0.0,0.0,0.0,7.0,7.310383504710233,b256_gpu1
75,ycc_rgb_convert,515.01,86.8,0.3,0.0,0.2,0.0,0.0,10.4,0.0,0.0,0.0,0.0,13.9,6.085693886796946,b256_gpu1
76,"c10::function_ref<void (char**, long const*, long, long)>::callback_fn<at::native::AVX2::VectorizedLoop2d<at::native::AVX2::direct_copy_kernel(at::TensorIteratorBase&)::{lambda()#3}::operator()(void) const::{lambda()#7}::operator()(void) const::{lambda(float)#1}, at::native::AVX2::direct_copy_kernel(at::TensorIteratorBase&)::{lambda()#3}::operator()(void) const::{lambda()#7}::operator()(void) const::{lambda(at::vec::AVX2::Vectorized<float>)#2}>>",222.735,4.9,0.5,0.0,9.2,12.4,13.4,81.0,89.4,100.0,0.9,91.1,4.0,2.631981957390571,b256_gpu1
77,jpeg_idct_16x16,219.065,85.9,1.0,0.0,0.6,0.0,0.0,10.3,0.0,0.0,0.0,0.5,12.8,2.5886148449761617,b256_gpu1
78,__memmove_avx_unaligned_erms,205.065,8.3,1.9,0.2,16.9,15.2,30.3,68.0,21.2,4.4,0.0,79.1,10.6,2.4231817185996696,b256_gpu1
79,"at::native::AVX2::vectorized_loop<at::native::(anonymous namespace)::div_true_kernel(at::TensorIteratorBase&)::{lambda()#1}::operator()(void) const::{lambda()#2}::operator()(void) const::{lambda(floatfloat)#1}&, at::native::(anonymous namespace)::div_true_kernel(at::TensorIteratorBase&)::{lambda()#1}::operator()(void) const::{lambda()#2}::operator()(void) const::{lambda(at::vec::AVX2::Vectorized<float>at::vec::AVX2::Vectorized<float>)#2}&>.isra.0",152.405,13.6,0.2,0.1,23.6,12.7,6.9,92.8,1.3,0.0,0.0,8.6,41.8,1.800916830386378,b256_gpu1
80,decompress_onepass,142.02,51.9,5.7,20.8,3.1,0.1,0.1,9.5,0.0,0.0,0.0,0.1,19.2,1.678200900570673,b256_gpu1
81,ImagingUnpackRGB,133.545,91.5,6.0,1.1,0.4,0.2,0.0,10.5,0.0,0.0,0.0,0.4,1.2,1.5780547758534749,b256_gpu1
82,"c10::function_ref<void (char**, long const*, long, long)>::callback_fn<at::native::AVX2::VectorizedLoop2d<at::native::AVX2::direct_copy_kernel(at::TensorIteratorBase&)::{lambda()#3}::operator()(void) const::{lambda()#1}::operator()(void) const::{lambda(unsigned char)#1}, at::native::AVX2::direct_copy_kernel(at::TensorIteratorBase&)::{lambda()#3}::operator()(void) const::{lambda()#1}::operator()(void) const::{lambda(at::vec::AVX2::Vectorized<unsigned char>)#2}>>",84.335,100.0,0.7,0.0,0.1,0.0,0.3,74.1,0.0,0.0,0.0,0.0,3.0,0.9965573366401048,b256_gpu1
83,"c10::function_ref<void (char**, long const*, long, long)>::callback_fn<at::TensorIteratorBase::loop_2d_from_1d<at::native::AVX2::copy_kernel(at::TensorIterator&, bool)::{lambda()#1}::operator()(void) const::{lambda()#7}::operator()(void) const::{lambda()#1}::operator()(void) const::{lambda()#1}::operator()(void) const::{lambda(char**long const*, long)#1}>(, signed char, at::native::AVX2::copy_kernel(at::TensorIterator&, bool)::{lambda()#1}::operator()(void) const::{lambda()#7}::operator()(void) const::{lambda()#1}::operator()(void) const::{lambda()#1}::operator()(void) const::{lambda(char**long const*, long)#1} const&)::{lambda(char**long const*, long, long)#1}>",36.655,27.0,0.5,0.9,7.6,20.1,8.4,92.4,0.0,0.0,0.0,41.9,23.4,0.4331393748093087,b256_gpu1
84,ImagingPackRGB,34.045,80.8,5.5,4.1,1.3,0.0,0.8,40.8,0.0,0.0,0.0,0.6,8.6,0.40229791339197696,b256_gpu1
85,"c10::function_ref<void (char**, long const*, long, long)>::callback_fn<at::native::AVX2::VectorizedLoop2d<at::native::(anonymous namespace)::add_kernel(at::TensorIteratorBase&, c10::Scalar const&)::{lambda()#1}::operator()(void) const::{lambda()#7}::operator()(void) const::{lambda(floatfloat)#1}, at::native::(anonymous namespace)::add_kernel(at::TensorIteratorBase&, c10::Scalar const&)::{lambda()#1}::operator()(void) const::{lambda()#7}::operator()(void) const::{lambda(at::vec::AVX2::Vectorized<float>at::vec::AVX2::Vectorized<float>)#2}>>",31.69,28.7,18.1,0.0,0.0,12.4,24.3,89.0,0.0,0.0,0.0,3.2,18.7,0.37446969820507414,b256_gpu1
86,__memset_avx2_unaligned_erms,30.09,46.3,26.1,15.8,4.1,0.0,0.0,10.6,0.0,0.0,0.0,3.6,6.7,0.35556305519061787,b256_gpu1
87,ImagingFlipLeftRight,19.93,78.8,0.8,2.6,0.0,0.6,0.2,32.5,0.0,0.0,0.0,0.4,16.5,0.2355058720488207,b256_gpu1
88,_int_free,7.83,29.5,68.2,14.2,10.7,4.4,16.3,40.8,0.0,0.0,0.0,0.0,0.0,0.09252438425199529,b256_gpu1
89,__libc_calloc,1.895,8.5,62.8,7.6,12.9,0.0,16.5,11.0,0.0,0.0,0.0,3.7,13.6,0.022392555320246622,b256_gpu1
90,decode_mcu,1918.142,40.8,8.1,42.1,17.1,0.2,0.1,15.8,0.0,0.0,0.0,0.0,5.4,22.076689524361978,b256_gpu2
91,jpeg_idct_islow,1496.046,69.2,2.7,6.3,1.7,0.0,0.0,14.0,0.0,0.0,0.0,0.1,20.6,17.218612102838915,b256_gpu2
92,ImagingResampleHorizontal_8bpc,651.206,90.3,1.7,0.0,0.7,0.0,0.1,18.0,0.0,0.4,0.0,0.0,8.3,7.494999159812813,b256_gpu2
93,ycc_rgb_convert,544.151,85.1,0.4,2.6,0.2,0.0,0.0,15.0,0.0,0.0,0.2,0.1,11.0,6.262858892288002,b256_gpu2
94,jpeg_idct_16x16,225.705,93.8,1.2,0.0,0.2,0.0,0.0,13.0,0.0,0.0,0.0,0.3,7.2,2.597732185154238,b256_gpu2
95,"c10::function_ref<void (char**, long const*, long, long)>::callback_fn<at::native::AVX2::VectorizedLoop2d<at::native::AVX2::direct_copy_kernel(at::TensorIteratorBase&)::{lambda()#3}::operator()(void) const::{lambda()#7}::operator()(void) const::{lambda(float)#1}, at::native::AVX2::direct_copy_kernel(at::TensorIteratorBase&)::{lambda()#3}::operator()(void) const::{lambda()#7}::operator()(void) const::{lambda(at::vec::AVX2::Vectorized<float>)#2}>>",222.48,4.9,0.5,0.4,12.1,12.9,14.3,76.7,100.0,100.0,0.5,91.6,5.1,2.56061432645761,b256_gpu2
96,__memmove_avx_unaligned_erms,218.33,7.7,1.6,0.0,18.0,14.6,29.3,68.1,25.0,0.0,0.0,77.9,10.6,2.512850260227841,b256_gpu2
97,"at::native::AVX2::vectorized_loop<at::native::(anonymous namespace)::div_true_kernel(at::TensorIteratorBase&)::{lambda()#1}::operator()(void) const::{lambda()#2}::operator()(void) const::{lambda(floatfloat)#1}&, at::native::(anonymous namespace)::div_true_kernel(at::TensorIteratorBase&)::{lambda()#1}::operator()(void) const::{lambda()#2}::operator()(void) const::{lambda(at::vec::AVX2::Vectorized<float>at::vec::AVX2::Vectorized<float>)#2}&>.isra.0",159.545,14.1,0.2,0.0,23.4,13.0,7.0,87.3,0.0,0.0,0.0,8.7,40.6,1.8362693847297706,b256_gpu2
98,decompress_onepass,146.47,53.6,5.9,25.9,3.3,0.0,0.1,14.2,0.0,0.0,0.0,0.2,12.8,1.6857838025721237,b256_gpu2
99,ImagingUnpackRGB,136.465,83.8,5.9,1.0,0.9,0.0,0.0,14.5,0.0,0.0,0.0,0.5,8.2,1.570632120010957,b256_gpu2
100,"c10::function_ref<void (char**, long const*, long, long)>::callback_fn<at::native::AVX2::VectorizedLoop2d<at::native::AVX2::direct_copy_kernel(at::TensorIteratorBase&)::{lambda()#3}::operator()(void) const::{lambda()#1}::operator()(void) const::{lambda(unsigned char)#1}, at::native::AVX2::direct_copy_kernel(at::TensorIteratorBase&)::{lambda()#3}::operator()(void) const::{lambda()#1}::operator()(void) const::{lambda(at::vec::AVX2::Vectorized<unsigned char>)#2}>>",88.705,100.0,0.7,0.0,0.1,0.2,0.1,65.4,0.0,0.0,0.0,0.0,0.1,1.0209425288943828,b256_gpu2
101,"c10::function_ref<void (char**, long const*, long, long)>::callback_fn<at::TensorIteratorBase::loop_2d_from_1d<at::native::AVX2::copy_kernel(at::TensorIterator&, bool)::{lambda()#1}::operator()(void) const::{lambda()#7}::operator()(void) const::{lambda()#1}::operator()(void) const::{lambda()#1}::operator()(void) const::{lambda(char**long const*, long)#1}>(, signed char, at::native::AVX2::copy_kernel(at::TensorIterator&, bool)::{lambda()#1}::operator()(void) const::{lambda()#7}::operator()(void) const::{lambda()#1}::operator()(void) const::{lambda()#1}::operator()(void) const::{lambda(char**long const*, long)#1} const&)::{lambda(char**long const*, long, long)#1}>",40.585,22.9,0.6,3.6,10.0,18.8,7.9,93.8,0.0,0.0,0.0,33.9,22.8,0.4671095489000454,b256_gpu2
102,ImagingPackRGB,35.045,81.6,4.9,3.8,1.3,0.0,0.9,44.4,0.0,0.0,0.0,0.3,8.6,0.40334739783669066,b256_gpu2
103,"c10::function_ref<void (char**, long const*, long, long)>::callback_fn<at::native::AVX2::VectorizedLoop2d<at::native::(anonymous namespace)::add_kernel(at::TensorIteratorBase&, c10::Scalar const&)::{lambda()#1}::operator()(void) const::{lambda()#7}::operator()(void) const::{lambda(floatfloat)#1}, at::native::(anonymous namespace)::add_kernel(at::TensorIteratorBase&, c10::Scalar const&)::{lambda()#1}::operator()(void) const::{lambda()#7}::operator()(void) const::{lambda(at::vec::AVX2::Vectorized<float>at::vec::AVX2::Vectorized<float>)#2}>>",32.49,27.6,16.7,1.4,0.0,10.7,25.2,93.5,0.0,0.0,0.0,2.8,21.8,0.37394084621812185,b256_gpu2
104,__memset_avx2_unaligned_erms,31.07,41.9,23.0,22.5,6.8,0.0,0.0,14.2,0.0,0.0,0.0,3.5,0.0,0.3575974789780562,b256_gpu2
105,ImagingFlipLeftRight,20.935,80.9,1.6,1.0,0.8,0.0,0.6,40.1,0.0,0.0,0.0,0.0,15.0,0.24094957265547493,b256_gpu2
106,_int_free,10.725,24.1,77.9,18.9,11.6,3.0,19.7,39.5,0.0,0.0,0.0,0.0,0.0,0.12343846031669303,b256_gpu2
107,__libc_calloc,2.125,10.6,67.5,11.3,25.5,5.1,28.0,15.3,0.0,0.0,0.0,10.2,3.6,0.024457503792351766,b256_gpu2
108,decode_mcu,1807.047,39.9,8.4,41.9,16.8,0.2,0.1,12.4,0.0,0.0,0.0,0.0,6.1,21.670168940176424,b256_gpu3
109,jpeg_idct_islow,1417.316,70.9,2.7,6.5,1.8,0.0,0.0,11.0,0.1,0.0,0.0,0.2,18.6,16.99650156394111,b256_gpu3
110,ImagingResampleHorizontal_8bpc,638.751,88.4,2.0,0.0,0.7,0.0,0.1,16.3,0.3,0.0,0.0,0.1,9.7,7.659923665907212,b256_gpu3
111,ycc_rgb_convert,516.135,84.2,0.5,0.0,0.2,0.1,0.0,11.4,0.0,0.0,0.0,0.1,14.5,6.1895084333379025,b256_gpu3
112,__memmove_avx_unaligned_erms,228.06,7.5,1.7,0.5,19.5,14.4,29.9,69.5,31.1,0.0,0.0,80.8,9.1,2.7349032584634685,b256_gpu3
113,"c10::function_ref<void (char**, long const*, long, long)>::callback_fn<at::native::AVX2::VectorizedLoop2d<at::native::AVX2::direct_copy_kernel(at::TensorIteratorBase&)::{lambda()#3}::operator()(void) const::{lambda()#7}::operator()(void) const::{lambda(float)#1}, at::native::AVX2::direct_copy_kernel(at::TensorIteratorBase&)::{lambda()#3}::operator()(void) const::{lambda()#7}::operator()(void) const::{lambda(at::vec::AVX2::Vectorized<float>)#2}>>",227.585,5.0,0.7,0.3,11.7,12.1,14.6,79.2,100.0,100.0,0.0,90.9,3.6,2.729207042345911,b256_gpu3
114,jpeg_idct_16x16,217.86,87.2,1.0,1.6,0.4,0.0,0.1,10.4,0.0,0.0,0.0,0.4,9.7,2.61258451236013,b256_gpu3
115,"at::native::AVX2::vectorized_loop<at::native::(anonymous namespace)::div_true_kernel(at::TensorIteratorBase&)::{lambda()#1}::operator()(void) const::{lambda()#2}::operator()(void) const::{lambda(floatfloat)#1}&, at::native::(anonymous namespace)::div_true_kernel(at::TensorIteratorBase&)::{lambda()#1}::operator()(void) const::{lambda()#2}::operator()(void) const::{lambda(at::vec::AVX2::Vectorized<float>at::vec::AVX2::Vectorized<float>)#2}&>.isra.0",154.81,12.0,0.2,1.5,24.6,12.1,7.0,88.7,0.0,0.0,0.0,9.1,39.9,1.8564867729664543,b256_gpu3
116,decompress_onepass,136.35,55.3,5.1,24.1,2.9,0.0,0.1,10.8,0.0,0.0,0.0,0.2,13.8,1.6351138265872749,b256_gpu3
117,ImagingUnpackRGB,134.43,88.4,6.1,0.0,0.6,0.1,0.0,12.4,0.0,0.0,0.0,1.0,5.7,1.6120891214384112,b256_gpu3
118,"c10::function_ref<void (char**, long const*, long, long)>::callback_fn<at::native::AVX2::VectorizedLoop2d<at::native::AVX2::direct_copy_kernel(at::TensorIteratorBase&)::{lambda()#3}::operator()(void) const::{lambda()#1}::operator()(void) const::{lambda(unsigned char)#1}, at::native::AVX2::direct_copy_kernel(at::TensorIteratorBase&)::{lambda()#3}::operator()(void) const::{lambda()#1}::operator()(void) const::{lambda(at::vec::AVX2::Vectorized<unsigned char>)#2}>>",84.325,100.0,0.6,0.0,0.3,0.0,0.4,65.7,0.0,0.0,0.0,0.0,0.0,1.01122826129059,b256_gpu3
119,"c10::function_ref<void (char**, long const*, long, long)>::callback_fn<at::TensorIteratorBase::loop_2d_from_1d<at::native::AVX2::copy_kernel(at::TensorIterator&, bool)::{lambda()#1}::operator()(void) const::{lambda()#7}::operator()(void) const::{lambda()#1}::operator()(void) const::{lambda()#1}::operator()(void) const::{lambda(char**long const*, long)#1}>(, signed char, at::native::AVX2::copy_kernel(at::TensorIterator&, bool)::{lambda()#1}::operator()(void) const::{lambda()#7}::operator()(void) const::{lambda()#1}::operator()(void) const::{lambda()#1}::operator()(void) const::{lambda(char**long const*, long)#1} const&)::{lambda(char**long const*, long, long)#1}>",39.02,26.1,0.6,0.0,5.8,22.8,8.3,96.1,0.0,0.0,0.0,42.2,21.4,0.4679291640149283,b256_gpu3
120,ImagingPackRGB,35.585,90.9,6.6,5.7,1.6,0.5,0.4,39.9,0.0,0.0,0.0,1.0,0.0,0.42673652745953927,b256_gpu3
121,"c10::function_ref<void (char**, long const*, long, long)>::callback_fn<at::native::AVX2::VectorizedLoop2d<at::native::(anonymous namespace)::add_kernel(at::TensorIteratorBase&, c10::Scalar const&)::{lambda()#1}::operator()(void) const::{lambda()#7}::operator()(void) const::{lambda(floatfloat)#1}, at::native::(anonymous namespace)::add_kernel(at::TensorIteratorBase&, c10::Scalar const&)::{lambda()#1}::operator()(void) const::{lambda()#7}::operator()(void) const::{lambda(at::vec::AVX2::Vectorized<float>at::vec::AVX2::Vectorized<float>)#2}>>",33.815,24.1,19.0,1.9,0.0,11.0,24.0,88.2,0.0,0.0,0.0,2.2,24.6,0.4055106274004305,b256_gpu3
122,__memset_avx2_unaligned_erms,30.845,42.3,27.1,19.5,6.0,0.8,0.0,12.4,0.0,0.0,0.0,3.6,6.5,0.36989428662328194,b256_gpu3
123,ImagingFlipLeftRight,19.405,97.6,0.8,0.7,2.0,0.7,0.7,42.2,0.0,0.0,0.0,2.7,0.0,0.23270541844463566,b256_gpu3
124,_int_free,10.465,23.8,48.0,8.6,2.1,1.6,18.5,35.9,0.0,0.0,0.0,0.5,10.7,0.12549663509523895,b256_gpu3
125,__libc_calloc,2.135,15.7,49.5,21.6,27.7,4.0,17.8,19.8,0.0,0.0,0.0,5.9,4.6,0.025602992444179185,b256_gpu3
126,decode_mcu,1863.242,41.5,8.5,42.7,17.0,0.1,0.1,12.8,0.0,0.0,0.0,0.0,4.5,21.765294762873214,b256_gpu4
127,jpeg_idct_islow,1467.551,70.6,2.8,5.9,1.7,0.0,0.0,11.4,0.0,0.0,0.0,0.2,19.5,17.143065739474178,b256_gpu4
128,ImagingResampleHorizontal_8bpc,658.386,89.3,1.7,0.0,0.7,0.1,0.1,15.2,0.0,0.3,0.0,0.1,8.6,7.690877168799889,b256_gpu4
129,ycc_rgb_convert,529.926,83.6,0.5,1.0,0.2,0.0,0.0,12.1,0.0,0.0,0.0,0.1,13.8,6.1902831690732345,b256_gpu4
130,__memmove_avx_unaligned_erms,241.935,7.3,1.5,0.2,22.8,13.7,28.9,67.4,31.5,0.0,0.0,80.3,10.1,2.8261420623063085,b256_gpu4
131,jpeg_idct_16x16,228.8,82.6,1.0,0.0,0.5,0.1,0.0,10.8,0.0,0.0,0.0,0.4,16.1,2.6727067346836275,b256_gpu4
132,"c10::function_ref<void (char**, long const*, long, long)>::callback_fn<at::native::AVX2::VectorizedLoop2d<at::native::AVX2::direct_copy_kernel(at::TensorIteratorBase&)::{lambda()#3}::operator()(void) const::{lambda()#7}::operator()(void) const::{lambda(float)#1}, at::native::AVX2::direct_copy_kernel(at::TensorIteratorBase&)::{lambda()#3}::operator()(void) const::{lambda()#7}::operator()(void) const::{lambda(at::vec::AVX2::Vectorized<float>)#2}>>",223.055,5.8,0.6,0.0,11.2,12.4,14.3,76.2,100.0,100.0,0.0,89.1,4.7,2.6055970310526946,b256_gpu4
133,"at::native::AVX2::vectorized_loop<at::native::(anonymous namespace)::div_true_kernel(at::TensorIteratorBase&)::{lambda()#1}::operator()(void) const::{lambda()#2}::operator()(void) const::{lambda(floatfloat)#1}&, at::native::(anonymous namespace)::div_true_kernel(at::TensorIteratorBase&)::{lambda()#1}::operator()(void) const::{lambda()#2}::operator()(void) const::{lambda(at::vec::AVX2::Vectorized<float>at::vec::AVX2::Vectorized<float>)#2}&>.isra.0",161.945,13.1,0.2,0.0,23.1,13.7,7.2,87.6,0.0,0.0,0.0,9.6,37.8,1.8917460321168706,b256_gpu4
134,decompress_onepass,142.03,55.5,6.2,25.6,3.3,0.0,0.2,12.1,0.0,0.0,0.0,0.3,11.3,1.6591107409401906,b256_gpu4
135,ImagingUnpackRGB,139.045,87.6,6.6,1.8,0.6,0.1,0.1,11.0,0.0,0.0,0.0,1.2,3.6,1.6242417304374344,b256_gpu4
136,"c10::function_ref<void (char**, long const*, long, long)>::callback_fn<at::native::AVX2::VectorizedLoop2d<at::native::AVX2::direct_copy_kernel(at::TensorIteratorBase&)::{lambda()#3}::operator()(void) const::{lambda()#1}::operator()(void) const::{lambda(unsigned char)#1}, at::native::AVX2::direct_copy_kernel(at::TensorIteratorBase&)::{lambda()#3}::operator()(void) const::{lambda()#1}::operator()(void) const::{lambda(at::vec::AVX2::Vectorized<unsigned char>)#2}>>",90.705,100.0,0.4,1.1,0.1,0.2,0.3,58.3,0.0,0.0,0.0,0.1,0.0,1.059562344272196,b256_gpu4
137,"c10::function_ref<void (char**, long const*, long, long)>::callback_fn<at::TensorIteratorBase::loop_2d_from_1d<at::native::AVX2::copy_kernel(at::TensorIterator&, bool)::{lambda()#1}::operator()(void) const::{lambda()#7}::operator()(void) const::{lambda()#1}::operator()(void) const::{lambda()#1}::operator()(void) const::{lambda(char**long const*, long)#1}>(, signed char, at::native::AVX2::copy_kernel(at::TensorIterator&, bool)::{lambda()#1}::operator()(void) const::{lambda()#7}::operator()(void) const::{lambda()#1}::operator()(void) const::{lambda()#1}::operator()(void) const::{lambda(char**long const*, long)#1} const&)::{lambda(char**long const*, long, long)#1}>",41.86,23.8,0.5,2.6,6.9,22.9,6.1,84.3,0.0,0.0,0.0,39.6,17.5,0.4889838457773455,b256_gpu4
138,ImagingPackRGB,36.35,79.1,4.6,0.0,0.8,0.4,0.6,32.4,0.0,0.0,0.0,0.5,14.4,0.4246192736265291,b256_gpu4
139,"c10::function_ref<void (char**, long const*, long, long)>::callback_fn<at::native::AVX2::VectorizedLoop2d<at::native::(anonymous namespace)::add_kernel(at::TensorIteratorBase&, c10::Scalar const&)::{lambda()#1}::operator()(void) const::{lambda()#7}::operator()(void) const::{lambda(floatfloat)#1}, at::native::(anonymous namespace)::add_kernel(at::TensorIteratorBase&, c10::Scalar const&)::{lambda()#1}::operator()(void) const::{lambda()#7}::operator()(void) const::{lambda(at::vec::AVX2::Vectorized<float>at::vec::AVX2::Vectorized<float>)#2}>>",34.935,27.9,17.6,0.0,6.6,3.1,24.2,90.7,3.3,0.0,0.0,3.0,21.9,0.4080900776930617,b256_gpu4
140,__memset_avx2_unaligned_erms,31.985,37.6,23.8,16.5,7.2,0.0,0.0,12.2,0.0,0.0,0.0,4.6,9.0,0.3736299165596845,b256_gpu4
141,ImagingFlipLeftRight,22.225,81.9,1.1,3.3,2.4,0.2,0.6,29.1,0.0,0.0,0.0,2.0,39.3,0.25961934955569765,b256_gpu4
142,_int_free,10.715,18.6,45.3,8.8,13.6,0.0,24.1,34.2,8.4,0.0,0.0,1.3,8.9,0.12516631408275816,b256_gpu4
143,__libc_calloc,2.38,16.7,40.7,0.0,34.3,0.0,17.9,14.9,0.0,0.0,0.0,10.4,5.4,0.02780175711777549,b256_gpu4
144,decode_mcu,1882.037,40.6,8.0,41.9,17.1,0.2,0.1,18.4,0.0,0.0,0.0,0.0,5.9,21.749418572736914,b512_gpu1
145,jpeg_idct_islow,1468.706,68.9,2.6,6.1,1.8,0.0,0.0,16.4,0.0,0.0,0.0,0.1,21.1,16.972833984820777,b512_gpu1
146,ImagingResampleHorizontal_8bpc,640.231,91.4,1.6,0.9,0.6,0.0,0.1,18.0,0.0,0.0,0.0,0.0,5.8,7.398713203960352,b512_gpu1
147,ycc_rgb_convert,536.641,84.0,0.3,0.2,0.2,0.0,0.0,16.6,0.0,0.0,0.0,0.0,14.8,6.2015941941057,b512_gpu1
148,jpeg_idct_16x16,228.485,86.8,0.9,1.0,0.3,0.0,0.0,16.2,0.0,0.0,0.0,0.4,10.7,2.640445380506225,b512_gpu1
149,"c10::function_ref<void (char**, long const*, long, long)>::callback_fn<at::native::AVX2::VectorizedLoop2d<at::native::AVX2::direct_copy_kernel(at::TensorIteratorBase&)::{lambda()#3}::operator()(void) const::{lambda()#7}::operator()(void) const::{lambda(float)#1}, at::native::AVX2::direct_copy_kernel(at::TensorIteratorBase&)::{lambda()#3}::operator()(void) const::{lambda()#7}::operator()(void) const::{lambda(at::vec::AVX2::Vectorized<float>)#2}>>",221.79,4.5,0.7,0.4,6.6,14.1,14.8,76.3,100.0,100.0,0.9,88.7,5.7,2.563075829671425,b512_gpu1
150,__memmove_avx_unaligned_erms,212.6,8.1,1.8,0.0,20.0,14.2,31.6,69.1,23.3,1.1,0.0,80.5,9.6,2.4568732647465845,b512_gpu1
151,"at::native::AVX2::vectorized_loop<at::native::(anonymous namespace)::div_true_kernel(at::TensorIteratorBase&)::{lambda()#1}::operator()(void) const::{lambda()#2}::operator()(void) const::{lambda(floatfloat)#1}&, at::native::(anonymous namespace)::div_true_kernel(at::TensorIteratorBase&)::{lambda()#1}::operator()(void) const::{lambda()#2}::operator()(void) const::{lambda(at::vec::AVX2::Vectorized<float>at::vec::AVX2::Vectorized<float>)#2}&>.isra.0",156.09,14.2,0.2,0.0,26.8,12.3,6.1,91.7,0.0,0.0,0.0,7.1,40.8,1.8038257191641316,b512_gpu1
152,decompress_onepass,145.655,53.6,5.9,27.0,3.7,0.0,0.1,16.1,0.0,0.0,0.0,0.1,11.8,1.6832355379899517,b512_gpu1
153,ImagingUnpackRGB,135.93,95.1,6.8,1.2,0.4,0.0,0.3,17.7,0.0,0.0,0.0,0.3,0.0,1.570850342789291,b512_gpu1
154,"c10::function_ref<void (char**, long const*, long, long)>::callback_fn<at::native::AVX2::VectorizedLoop2d<at::native::AVX2::direct_copy_kernel(at::TensorIteratorBase&)::{lambda()#3}::operator()(void) const::{lambda()#1}::operator()(void) const::{lambda(unsigned char)#1}, at::native::AVX2::direct_copy_kernel(at::TensorIteratorBase&)::{lambda()#3}::operator()(void) const::{lambda()#1}::operator()(void) const::{lambda(at::vec::AVX2::Vectorized<unsigned char>)#2}>>",83.635,100.0,0.5,0.0,0.2,0.2,0.2,62.9,0.0,0.0,0.0,0.0,0.3,0.9665126787256849,b512_gpu1
155,"c10::function_ref<void (char**, long const*, long, long)>::callback_fn<at::TensorIteratorBase::loop_2d_from_1d<at::native::AVX2::copy_kernel(at::TensorIterator&, bool)::{lambda()#1}::operator()(void) const::{lambda()#7}::operator()(void) const::{lambda()#1}::operator()(void) const::{lambda()#1}::operator()(void) const::{lambda(char**long const*, long)#1}>(, signed char, at::native::AVX2::copy_kernel(at::TensorIterator&, bool)::{lambda()#1}::operator()(void) const::{lambda()#7}::operator()(void) const::{lambda()#1}::operator()(void) const::{lambda()#1}::operator()(void) const::{lambda(char**long const*, long)#1} const&)::{lambda(char**long const*, long, long)#1}>",36.965,24.5,0.5,2.5,8.2,19.5,10.7,100.0,0.0,0.0,0.0,38.6,18.9,0.4271793049452376,b512_gpu1
156,ImagingPackRGB,33.105,78.0,3.7,0.1,0.6,0.1,1.0,36.6,0.0,0.0,0.0,0.2,14.4,0.3825719164131499,b512_gpu1
157,"c10::function_ref<void (char**, long const*, long, long)>::callback_fn<at::native::AVX2::VectorizedLoop2d<at::native::(anonymous namespace)::add_kernel(at::TensorIteratorBase&, c10::Scalar const&)::{lambda()#1}::operator()(void) const::{lambda()#7}::operator()(void) const::{lambda(floatfloat)#1}, at::native::(anonymous namespace)::add_kernel(at::TensorIteratorBase&, c10::Scalar const&)::{lambda()#1}::operator()(void) const::{lambda()#7}::operator()(void) const::{lambda(at::vec::AVX2::Vectorized<float>at::vec::AVX2::Vectorized<float>)#2}>>",32.435,28.4,17.5,0.0,0.0,8.9,25.2,95.0,0.0,0.0,0.0,2.7,22.4,0.3748291831705337,b512_gpu1
158,__memset_avx2_unaligned_erms,29.665,38.9,23.2,26.2,4.8,0.7,0.0,18.5,0.0,0.0,0.0,4.1,6.8,0.3428181815555382,b512_gpu1
159,ImagingFlipLeftRight,20.64,99.3,1.0,0.0,0.0,0.0,0.2,33.1,0.0,0.0,0.0,0.9,0.0,0.2385224091456703,b512_gpu1
160,_int_free,7.815,22.7,53.8,9.9,12.3,2.3,21.0,28.6,0.0,0.0,0.0,0.6,4.5,0.09031262730006848,b512_gpu1
161,__libc_calloc,1.795,7.0,52.9,4.5,0.0,15.3,15.3,15.3,0.0,0.0,0.0,0.0,25.3,0.020743591299247972,b512_gpu1
162,decode_mcu,1826.957,41.0,8.1,41.9,17.0,0.2,0.1,15.5,0.0,0.0,0.0,0.0,5.5,21.912504082454365,b512_gpu2
163,jpeg_idct_islow,1432.826,70.1,2.6,6.0,1.7,0.0,0.0,13.8,0.0,0.0,0.0,0.1,20.1,17.185300789480408,b512_gpu2
164,ImagingResampleHorizontal_8bpc,636.076,88.8,1.8,1.1,0.6,0.1,0.0,16.9,0.0,0.0,0.0,0.0,7.9,7.629089215975659,b512_gpu2
165,ycc_rgb_convert,523.145,85.2,0.4,2.2,0.2,0.0,0.0,15.1,0.0,0.0,0.0,0.0,11.3,6.274595925473664,b512_gpu2
166,jpeg_idct_16x16,222.97,89.2,1.1,0.0,0.3,0.0,0.0,13.4,0.0,0.0,0.0,0.4,10.3,2.6742999617751537,b512_gpu2
167,"c10::function_ref<void (char**, long const*, long, long)>::callback_fn<at::native::AVX2::VectorizedLoop2d<at::native::AVX2::direct_copy_kernel(at::TensorIteratorBase&)::{lambda()#3}::operator()(void) const::{lambda()#7}::operator()(void) const::{lambda(float)#1}, at::native::AVX2::direct_copy_kernel(at::TensorIteratorBase&)::{lambda()#3}::operator()(void) const::{lambda()#7}::operator()(void) const::{lambda(at::vec::AVX2::Vectorized<float>)#2}>>",220.08,4.5,0.5,0.0,16.8,9.1,15.4,73.4,100.0,100.0,0.0,89.2,4.6,2.63963733052642,b512_gpu2
168,__memmove_avx_unaligned_erms,217.555,7.6,1.9,0.4,19.6,14.6,32.1,66.0,23.0,0.0,0.0,79.6,9.2,2.609352505646471,b512_gpu2
169,"at::native::AVX2::vectorized_loop<at::native::(anonymous namespace)::div_true_kernel(at::TensorIteratorBase&)::{lambda()#1}::operator()(void) const::{lambda()#2}::operator()(void) const::{lambda(floatfloat)#1}&, at::native::(anonymous namespace)::div_true_kernel(at::TensorIteratorBase&)::{lambda()#1}::operator()(void) const::{lambda()#2}::operator()(void) const::{lambda(at::vec::AVX2::Vectorized<float>at::vec::AVX2::Vectorized<float>)#2}&>.isra.0",154.085,13.6,0.3,0.0,25.3,10.9,5.7,93.7,0.0,0.0,0.0,7.7,42.2,1.8480939570799864,b512_gpu2
170,decompress_onepass,138.48,52.3,5.7,24.2,2.9,0.2,0.1,12.1,0.0,0.0,0.0,0.1,16.1,1.660927742326875,b512_gpu2
171,ImagingUnpackRGB,134.165,91.4,6.1,0.5,0.5,0.1,0.2,14.3,0.0,0.0,0.0,0.7,1.6,1.6091736752548034,b512_gpu2
172,"c10::function_ref<void (char**, long const*, long, long)>::callback_fn<at::native::AVX2::VectorizedLoop2d<at::native::AVX2::direct_copy_kernel(at::TensorIteratorBase&)::{lambda()#3}::operator()(void) const::{lambda()#1}::operator()(void) const::{lambda(unsigned char)#1}, at::native::AVX2::direct_copy_kernel(at::TensorIteratorBase&)::{lambda()#3}::operator()(void) const::{lambda()#1}::operator()(void) const::{lambda(at::vec::AVX2::Vectorized<unsigned char>)#2}>>",82.84,99.0,0.4,0.0,0.0,0.0,0.4,61.2,0.0,0.0,0.0,0.0,0.8,0.9935821358633616,b512_gpu2
173,"c10::function_ref<void (char**, long const*, long, long)>::callback_fn<at::TensorIteratorBase::loop_2d_from_1d<at::native::AVX2::copy_kernel(at::TensorIterator&, bool)::{lambda()#1}::operator()(void) const::{lambda()#7}::operator()(void) const::{lambda()#1}::operator()(void) const::{lambda()#1}::operator()(void) const::{lambda(char**long const*, long)#1}>(, signed char, at::native::AVX2::copy_kernel(at::TensorIterator&, bool)::{lambda()#1}::operator()(void) const::{lambda()#7}::operator()(void) const::{lambda()#1}::operator()(void) const::{lambda()#1}::operator()(void) const::{lambda(char**long const*, long)#1} const&)::{lambda(char**long const*, long, long)#1}>",39.02,25.3,0.3,0.5,12.4,17.6,9.2,91.7,0.0,0.0,0.0,34.2,16.7,0.46800549180816486,b512_gpu2
174,ImagingPackRGB,33.97,87.7,5.4,5.7,0.3,0.8,0.3,46.2,0.0,0.0,0.0,0.8,0.2,0.40743584204826644,b512_gpu2
175,"c10::function_ref<void (char**, long const*, long, long)>::callback_fn<at::native::AVX2::VectorizedLoop2d<at::native::(anonymous namespace)::add_kernel(at::TensorIteratorBase&, c10::Scalar const&)::{lambda()#1}::operator()(void) const::{lambda()#7}::operator()(void) const::{lambda(floatfloat)#1}, at::native::(anonymous namespace)::add_kernel(at::TensorIteratorBase&, c10::Scalar const&)::{lambda()#1}::operator()(void) const::{lambda()#7}::operator()(void) const::{lambda(at::vec::AVX2::Vectorized<float>at::vec::AVX2::Vectorized<float>)#2}>>",32.505,25.4,16.9,4.0,0.0,13.0,23.6,88.4,0.0,0.0,0.0,3.9,19.7,0.38986464662287024,b512_gpu2
176,__memset_avx2_unaligned_erms,29.155,39.4,25.0,16.5,6.8,0.0,0.0,15.6,0.0,0.0,0.0,4.1,10.8,0.34968477995046243,b512_gpu2
177,ImagingFlipLeftRight,20.12,100.0,0.5,0.0,0.6,0.2,0.4,35.9,0.0,0.0,0.0,0.4,0.3,0.24131907983547607,b512_gpu2
178,_int_free,8.915,28.8,62.8,20.5,14.5,0.0,24.0,37.3,0.0,0.0,0.0,0.0,0.0,0.10692642130881057,b512_gpu2
179,__libc_calloc,1.865,5.8,55.3,9.5,19.0,2.1,19.0,14.7,0.0,0.0,0.0,6.3,7.8,0.022368791445982247,b512_gpu2
180,decode_mcu,1868.947,41.3,8.2,42.1,17.2,0.2,0.1,14.0,0.0,0.0,0.0,0.0,5.3,21.753024588365584,b512_gpu3
181,jpeg_idct_islow,1468.846,70.2,2.8,6.2,1.9,0.0,0.0,12.2,0.1,0.0,0.0,0.1,19.5,17.09617402447605,b512_gpu3
182,ImagingResampleHorizontal_8bpc,655.306,91.8,1.7,0.0,0.6,0.1,0.1,14.8,0.0,0.0,0.0,0.1,6.3,7.627229413623554,b512_gpu3
183,ycc_rgb_convert,528.361,84.2,0.4,0.0,0.2,0.0,0.0,12.3,0.0,0.0,0.0,0.1,15.5,6.149692754547577,b512_gpu3
184,__memmove_avx_unaligned_erms,231.23,7.7,1.6,0.1,22.5,12.2,29.0,66.2,29.6,0.0,0.7,79.5,8.5,2.6913293290648554,b512_gpu3
185,jpeg_idct_16x16,224.87,87.7,1.0,4.0,0.4,0.0,0.0,10.9,0.0,0.0,0.0,0.4,6.9,2.617304096470242,b512_gpu3
186,"c10::function_ref<void (char**, long const*, long, long)>::callback_fn<at::native::AVX2::VectorizedLoop2d<at::native::AVX2::direct_copy_kernel(at::TensorIteratorBase&)::{lambda()#3}::operator()(void) const::{lambda()#7}::operator()(void) const::{lambda(float)#1}, at::native::AVX2::direct_copy_kernel(at::TensorIteratorBase&)::{lambda()#3}::operator()(void) const::{lambda()#7}::operator()(void) const::{lambda(at::vec::AVX2::Vectorized<float>)#2}>>",219.18,4.8,0.5,0.8,5.9,16.2,15.3,76.7,100.0,100.0,0.0,90.5,4.8,2.551077119510596,b512_gpu3
187,"at::native::AVX2::vectorized_loop<at::native::(anonymous namespace)::div_true_kernel(at::TensorIteratorBase&)::{lambda()#1}::operator()(void) const::{lambda()#2}::operator()(void) const::{lambda(floatfloat)#1}&, at::native::(anonymous namespace)::div_true_kernel(at::TensorIteratorBase&)::{lambda()#1}::operator()(void) const::{lambda()#2}::operator()(void) const::{lambda(at::vec::AVX2::Vectorized<float>at::vec::AVX2::Vectorized<float>)#2}&>.isra.0",158.55,13.0,0.3,0.9,24.5,10.9,7.7,92.8,0.0,0.0,0.0,9.7,39.1,1.8453931804836434,b512_gpu3
188,decompress_onepass,143.865,51.1,5.0,22.3,3.0,0.0,0.1,11.8,0.0,0.0,0.0,0.2,18.6,1.6744717118276846,b512_gpu3
189,ImagingUnpackRGB,137.925,88.2,6.6,0.7,0.8,0.0,0.0,13.0,0.0,0.0,0.0,0.9,3.7,1.6053349379893191,b512_gpu3
190,"c10::function_ref<void (char**, long const*, long, long)>::callback_fn<at::native::AVX2::VectorizedLoop2d<at::native::AVX2::direct_copy_kernel(at::TensorIteratorBase&)::{lambda()#3}::operator()(void) const::{lambda()#1}::operator()(void) const::{lambda(unsigned char)#1}, at::native::AVX2::direct_copy_kernel(at::TensorIteratorBase&)::{lambda()#3}::operator()(void) const::{lambda()#1}::operator()(void) const::{lambda(at::vec::AVX2::Vectorized<unsigned char>)#2}>>",87.575,90.6,0.4,0.0,0.1,0.1,0.2,56.6,0.0,0.0,0.0,0.0,9.2,1.0193018466152952,b512_gpu3
191,"c10::function_ref<void (char**, long const*, long, long)>::callback_fn<at::TensorIteratorBase::loop_2d_from_1d<at::native::AVX2::copy_kernel(at::TensorIterator&, bool)::{lambda()#1}::operator()(void) const::{lambda()#7}::operator()(void) const::{lambda()#1}::operator()(void) const::{lambda()#1}::operator()(void) const::{lambda(char**long const*, long)#1}>(, signed char, at::native::AVX2::copy_kernel(at::TensorIterator&, bool)::{lambda()#1}::operator()(void) const::{lambda()#7}::operator()(void) const::{lambda()#1}::operator()(void) const::{lambda()#1}::operator()(void) const::{lambda(char**long const*, long)#1} const&)::{lambda(char**long const*, long, long)#1}>",39.425,24.1,0.4,3.1,6.0,21.3,8.8,95.8,0.0,0.0,0.0,35.9,22.2,0.45887496777399955,b512_gpu3
192,ImagingPackRGB,35.885,83.9,5.0,0.0,1.2,0.9,0.5,42.0,0.0,0.0,0.0,1.2,9.3,0.41767224397133734,b512_gpu3
193,"c10::function_ref<void (char**, long const*, long, long)>::callback_fn<at::native::AVX2::VectorizedLoop2d<at::native::(anonymous namespace)::add_kernel(at::TensorIteratorBase&, c10::Scalar const&)::{lambda()#1}::operator()(void) const::{lambda()#7}::operator()(void) const::{lambda(floatfloat)#1}, at::native::(anonymous namespace)::add_kernel(at::TensorIteratorBase&, c10::Scalar const&)::{lambda()#1}::operator()(void) const::{lambda()#7}::operator()(void) const::{lambda(at::vec::AVX2::Vectorized<float>at::vec::AVX2::Vectorized<float>)#2}>>",33.81,27.9,15.5,0.4,0.0,7.5,26.4,89.2,0.0,0.0,0.0,3.2,26.6,0.39352092987796905,b512_gpu3
194,__memset_avx2_unaligned_erms,29.725,42.8,28.0,17.4,3.8,0.0,0.0,12.9,0.0,0.0,0.0,3.4,6.9,0.34597484887969915,b512_gpu3
195,ImagingFlipLeftRight,23.545,87.6,0.8,11.6,1.2,0.4,0.4,27.9,0.0,0.0,0.0,3.5,0.0,0.2740446700377634,b512_gpu3
196,_int_free,10.235,17.1,55.9,10.5,17.0,0.0,17.9,44.4,0.0,0.0,0.0,0.5,2.7,0.11912708421475932,b512_gpu3
197,__libc_calloc,2.44,10.1,48.1,3.4,43.8,6.6,8.8,21.9,0.0,0.0,0.0,11.0,0.0,0.028399617536298265,b512_gpu3
198,decode_mcu,1884.467,41.2,8.5,42.1,16.9,0.2,0.1,12.8,0.0,0.0,0.0,0.0,4.9,21.696626458028472,b512_gpu4
199,jpeg_idct_islow,1496.031,69.7,2.9,5.4,1.9,0.0,0.0,11.4,0.0,0.0,0.0,0.2,20.6,17.224406570468357,b512_gpu4
200,ImagingResampleHorizontal_8bpc,670.056,89.0,1.7,1.4,0.8,0.1,0.2,12.4,0.0,0.0,0.0,0.1,7.3,7.714624208309684,b512_gpu4
201,ycc_rgb_convert,549.291,83.9,0.7,0.0,0.2,0.1,0.0,11.7,0.0,0.0,0.0,0.1,14.8,6.324208194548866,b512_gpu4
202,__memmove_avx_unaligned_erms,242.28,6.4,1.6,1.2,23.1,12.2,30.5,65.6,38.9,0.0,0.0,79.6,9.5,2.789467079153489,b512_gpu4
203,jpeg_idct_16x16,234.86,84.7,1.4,2.1,0.4,0.0,0.0,10.9,0.0,0.0,0.0,0.5,11.3,2.7040376350090325,b512_gpu4
204,"c10::function_ref<void (char**, long const*, long, long)>::callback_fn<at::native::AVX2::VectorizedLoop2d<at::native::AVX2::direct_copy_kernel(at::TensorIteratorBase&)::{lambda()#3}::operator()(void) const::{lambda()#7}::operator()(void) const::{lambda(float)#1}, at::native::AVX2::direct_copy_kernel(at::TensorIteratorBase&)::{lambda()#3}::operator()(void) const::{lambda()#7}::operator()(void) const::{lambda(at::vec::AVX2::Vectorized<float>)#2}>>",228.73,4.3,0.8,0.2,11.0,13.8,15.3,73.0,100.0,100.0,0.0,88.2,4.8,2.6334604796713617,b512_gpu4
205,"at::native::AVX2::vectorized_loop<at::native::(anonymous namespace)::div_true_kernel(at::TensorIteratorBase&)::{lambda()#1}::operator()(void) const::{lambda()#2}::operator()(void) const::{lambda(floatfloat)#1}&, at::native::(anonymous namespace)::div_true_kernel(at::TensorIteratorBase&)::{lambda()#1}::operator()(void) const::{lambda()#2}::operator()(void) const::{lambda(at::vec::AVX2::Vectorized<float>at::vec::AVX2::Vectorized<float>)#2}&>.isra.0",161.18,13.0,0.3,0.0,24.9,10.7,7.4,90.2,0.0,0.0,0.0,9.8,39.5,1.8557301626958864,b512_gpu4
206,ImagingUnpackRGB,143.405,87.4,6.1,1.6,1.1,0.1,0.2,11.8,0.0,0.0,0.0,1.1,4.2,1.6510794390209926,b512_gpu4
207,decompress_onepass,140.47,54.6,6.7,27.9,3.2,0.1,0.1,10.8,0.0,0.0,0.0,0.4,9.6,1.6172876036350117,b512_gpu4
208,"c10::function_ref<void (char**, long const*, long, long)>::callback_fn<at::native::AVX2::VectorizedLoop2d<at::native::AVX2::direct_copy_kernel(at::TensorIteratorBase&)::{lambda()#3}::operator()(void) const::{lambda()#1}::operator()(void) const::{lambda(unsigned char)#1}, at::native::AVX2::direct_copy_kernel(at::TensorIteratorBase&)::{lambda()#3}::operator()(void) const::{lambda()#1}::operator()(void) const::{lambda(at::vec::AVX2::Vectorized<unsigned char>)#2}>>",87.295,91.2,1.0,1.3,0.2,0.2,0.1,53.0,0.0,0.0,0.0,0.0,7.0,1.0050624429367006,b512_gpu4
209,"c10::function_ref<void (char**, long const*, long, long)>::callback_fn<at::TensorIteratorBase::loop_2d_from_1d<at::native::AVX2::copy_kernel(at::TensorIterator&, bool)::{lambda()#1}::operator()(void) const::{lambda()#7}::operator()(void) const::{lambda()#1}::operator()(void) const::{lambda()#1}::operator()(void) const::{lambda(char**long const*, long)#1}>(, signed char, at::native::AVX2::copy_kernel(at::TensorIterator&, bool)::{lambda()#1}::operator()(void) const::{lambda()#7}::operator()(void) const::{lambda()#1}::operator()(void) const::{lambda()#1}::operator()(void) const::{lambda(char**long const*, long)#1} const&)::{lambda(char**long const*, long, long)#1}>",40.62,21.4,1.0,0.5,9.8,17.5,8.7,87.2,0.0,0.0,0.0,37.2,25.1,0.46767439638110747,b512_gpu4
210,ImagingPackRGB,36.22,75.7,5.7,2.5,1.0,0.4,0.9,37.0,0.0,0.0,0.0,1.2,13.1,0.4170154268075754,b512_gpu4
211,"c10::function_ref<void (char**, long const*, long, long)>::callback_fn<at::native::AVX2::VectorizedLoop2d<at::native::(anonymous namespace)::add_kernel(at::TensorIteratorBase&, c10::Scalar const&)::{lambda()#1}::operator()(void) const::{lambda()#7}::operator()(void) const::{lambda(floatfloat)#1}, at::native::(anonymous namespace)::add_kernel(at::TensorIteratorBase&, c10::Scalar const&)::{lambda()#1}::operator()(void) const::{lambda()#7}::operator()(void) const::{lambda(at::vec::AVX2::Vectorized<float>at::vec::AVX2::Vectorized<float>)#2}>>",34.01,26.1,16.4,0.0,5.2,6.7,23.9,89.9,0.0,0.0,0.0,2.2,18.6,0.3915708079990513,b512_gpu4
212,__memset_avx2_unaligned_erms,29.665,41.9,23.4,20.4,6.7,0.0,0.0,13.8,0.0,0.0,0.0,3.0,7.0,0.3415450755451884,b512_gpu4
213,ImagingFlipLeftRight,21.405,81.9,0.7,1.6,1.8,0.6,0.8,31.5,0.0,0.0,0.0,2.4,9.2,0.2464443735730578,b512_gpu4
214,_int_free,9.555,27.4,58.7,12.4,11.0,6.8,12.8,35.7,0.0,0.0,0.0,1.1,0.5,0.11001055778979522,b512_gpu4
215,__libc_calloc,2.73,9.2,48.7,6.0,15.9,14.3,15.9,12.7,0.0,0.0,0.0,11.1,5.1,0.03143158793994149,b512_gpu4
216,decode_mcu,1865.257,41.0,8.2,41.3,16.9,0.2,0.1,14.2,0.0,0.0,0.0,0.0,5.8,21.61525397900538,b1024_gpu2
217,jpeg_idct_islow,1466.766,69.4,2.6,6.3,1.7,0.0,0.0,12.8,0.0,0.0,0.0,0.2,20.4,16.99740015331389,b1024_gpu2
218,ImagingResampleHorizontal_8bpc,642.541,90.8,1.8,2.7,0.8,0.0,0.1,15.0,0.0,0.0,0.0,0.0,4.5,7.445991038727691,b1024_gpu2
219,ycc_rgb_convert,531.876,85.8,0.4,0.0,0.1,0.1,0.0,13.2,0.0,0.0,0.0,0.1,13.2,6.163566106620945,b1024_gpu2
220,"c10::function_ref<void (char**, long const*, long, long)>::callback_fn<at::native::AVX2::VectorizedLoop2d<at::native::AVX2::direct_copy_kernel(at::TensorIteratorBase&)::{lambda()#3}::operator()(void) const::{lambda()#7}::operator()(void) const::{lambda(float)#1}, at::native::AVX2::direct_copy_kernel(at::TensorIteratorBase&)::{lambda()#3}::operator()(void) const::{lambda()#7}::operator()(void) const::{lambda(at::vec::AVX2::Vectorized<float>)#2}>>",224.745,4.4,0.5,0.6,9.4,13.7,16.0,79.9,92.9,100.0,0.0,96.5,5.4,2.604424084998241,b1024_gpu2
221,jpeg_idct_16x16,221.69,86.5,1.1,1.3,0.4,0.0,0.0,11.6,0.0,1.0,0.0,0.3,10.6,2.569021670796948,b1024_gpu2
222,__memmove_avx_unaligned_erms,218.165,6.7,1.6,1.5,21.0,12.2,30.7,66.6,14.4,0.0,0.0,78.7,11.1,2.5281727313339175,b1024_gpu2
223,"at::native::AVX2::vectorized_loop<at::native::(anonymous namespace)::div_true_kernel(at::TensorIteratorBase&)::{lambda()#1}::operator()(void) const::{lambda()#2}::operator()(void) const::{lambda(floatfloat)#1}&, at::native::(anonymous namespace)::div_true_kernel(at::TensorIteratorBase&)::{lambda()#1}::operator()(void) const::{lambda()#2}::operator()(void) const::{lambda(at::vec::AVX2::Vectorized<float>at::vec::AVX2::Vectorized<float>)#2}&>.isra.0",161.66,13.0,0.4,0.6,23.0,13.2,6.1,91.9,1.2,0.0,0.0,7.5,42.7,1.8733729230052534,b1024_gpu2
224,decompress_onepass,141.3,53.5,5.4,25.2,3.5,0.0,0.1,13.1,0.0,0.0,0.0,0.2,13.4,1.6374340840074373,b1024_gpu2
225,ImagingUnpackRGB,140.37,88.2,6.3,1.4,0.6,0.0,0.0,11.5,0.0,0.0,0.0,0.4,3.8,1.6266569170001695,b1024_gpu2
226,"c10::function_ref<void (char**, long const*, long, long)>::callback_fn<at::native::AVX2::VectorizedLoop2d<at::native::AVX2::direct_copy_kernel(at::TensorIteratorBase&)::{lambda()#3}::operator()(void) const::{lambda()#1}::operator()(void) const::{lambda(unsigned char)#1}, at::native::AVX2::direct_copy_kernel(at::TensorIteratorBase&)::{lambda()#3}::operator()(void) const::{lambda()#1}::operator()(void) const::{lambda(at::vec::AVX2::Vectorized<unsigned char>)#2}>>",88.86,100.0,0.5,0.0,0.2,0.0,0.3,59.2,0.0,0.0,0.0,0.0,0.0,1.0297409250169913,b1024_gpu2
227,"c10::function_ref<void (char**, long const*, long, long)>::callback_fn<at::TensorIteratorBase::loop_2d_from_1d<at::native::AVX2::copy_kernel(at::TensorIterator&, bool)::{lambda()#1}::operator()(void) const::{lambda()#7}::operator()(void) const::{lambda()#1}::operator()(void) const::{lambda()#1}::operator()(void) const::{lambda(char**long const*, long)#1}>(, signed char, at::native::AVX2::copy_kernel(at::TensorIterator&, bool)::{lambda()#1}::operator()(void) const::{lambda()#7}::operator()(void) const::{lambda()#1}::operator()(void) const::{lambda()#1}::operator()(void) const::{lambda(char**long const*, long)#1} const&)::{lambda(char**long const*, long, long)#1}>",39.7,24.4,0.3,1.9,6.5,20.5,10.7,97.1,0.0,0.0,0.0,38.2,17.0,0.4600575593425001,b1024_gpu2
228,ImagingPackRGB,34.81,82.7,4.5,8.8,0.0,0.6,0.6,43.0,0.0,0.0,0.0,0.6,3.7,0.4033905199171896,b1024_gpu2
229,"c10::function_ref<void (char**, long const*, long, long)>::callback_fn<at::native::AVX2::VectorizedLoop2d<at::native::(anonymous namespace)::add_kernel(at::TensorIteratorBase&, c10::Scalar const&)::{lambda()#1}::operator()(void) const::{lambda()#7}::operator()(void) const::{lambda(floatfloat)#1}, at::native::(anonymous namespace)::add_kernel(at::TensorIteratorBase&, c10::Scalar const&)::{lambda()#1}::operator()(void) const::{lambda()#7}::operator()(void) const::{lambda(at::vec::AVX2::Vectorized<float>at::vec::AVX2::Vectorized<float>)#2}>>",32.56,24.9,16.6,3.7,1.7,10.2,22.1,91.2,0.0,0.0,0.0,3.2,17.8,0.37731672877057437,b1024_gpu2
230,__memset_avx2_unaligned_erms,28.575,44.3,29.8,27.2,5.4,0.0,0.0,12.1,0.0,0.0,0.0,2.8,0.0,0.33113714756201357,b1024_gpu2
231,ImagingFlipLeftRight,20.625,99.2,1.5,6.7,1.9,0.0,0.2,39.5,0.0,0.0,0.0,0.4,0.0,0.23900975217730638,b1024_gpu2
232,_int_free,7.945,30.3,59.4,14.2,10.7,0.0,21.4,42.8,0.0,0.0,0.0,0.6,0.0,0.0920694536266036,b1024_gpu2
233,__libc_calloc,3.02,9.9,42.6,0.0,18.6,3.7,20.4,11.1,0.0,0.0,0.0,13.0,9.0,0.034996821894568014,b1024_gpu2
234,decode_mcu,1871.807,40.9,8.2,41.3,16.9,0.1,0.1,15.2,0.0,0.0,0.0,0.0,5.9,21.591187764654862,b1024_gpu3
235,jpeg_idct_islow,1477.166,69.0,2.8,6.3,1.7,0.0,0.0,13.6,0.0,0.0,0.0,0.2,20.7,17.039026173940027,b1024_gpu3
236,ImagingResampleHorizontal_8bpc,650.461,88.6,1.5,1.6,0.6,0.2,0.1,15.8,0.3,0.0,0.0,0.1,7.8,7.503030806373288,b1024_gpu3
237,ycc_rgb_convert,548.136,84.9,0.4,0.5,0.2,0.0,0.0,13.7,0.0,0.0,0.0,0.1,13.4,6.322717724940048,b1024_gpu3
238,__memmove_avx_unaligned_erms,234.655,7.8,1.6,0.0,21.4,14.4,28.2,65.1,23.4,1.0,0.0,79.5,8.2,2.7067321390052963,b1024_gpu3
239,jpeg_idct_16x16,229.4,88.2,1.0,1.3,0.4,0.0,0.0,13.2,0.0,0.0,0.0,0.7,8.9,2.6461160115395583,b1024_gpu3
240,"c10::function_ref<void (char**, long const*, long, long)>::callback_fn<at::native::AVX2::VectorizedLoop2d<at::native::AVX2::direct_copy_kernel(at::TensorIteratorBase&)::{lambda()#3}::operator()(void) const::{lambda()#7}::operator()(void) const::{lambda(float)#1}, at::native::AVX2::direct_copy_kernel(at::TensorIteratorBase&)::{lambda()#3}::operator()(void) const::{lambda()#7}::operator()(void) const::{lambda(at::vec::AVX2::Vectorized<float>)#2}>>",215.51,5.0,0.6,0.2,13.7,10.4,15.7,75.0,100.0,100.0,0.0,90.5,5.4,2.4858956479812124,b1024_gpu3
241,"at::native::AVX2::vectorized_loop<at::native::(anonymous namespace)::div_true_kernel(at::TensorIteratorBase&)::{lambda()#1}::operator()(void) const::{lambda()#2}::operator()(void) const::{lambda(floatfloat)#1}&, at::native::(anonymous namespace)::div_true_kernel(at::TensorIteratorBase&)::{lambda()#1}::operator()(void) const::{lambda()#2}::operator()(void) const::{lambda(at::vec::AVX2::Vectorized<float>at::vec::AVX2::Vectorized<float>)#2}&>.isra.0",167.165,14.1,0.3,0.0,24.9,12.6,6.9,91.0,0.0,0.0,0.0,8.5,40.6,1.9282388102398005,b1024_gpu3
242,decompress_onepass,145.595,54.1,5.3,21.3,3.5,0.1,0.0,13.0,0.0,0.0,0.0,0.2,17.3,1.6794300815174454,b1024_gpu3
243,ImagingUnpackRGB,136.545,96.1,5.8,1.1,0.6,0.3,0.0,14.6,0.0,0.0,0.0,1.0,0.0,1.575038843921835,b1024_gpu3
244,"c10::function_ref<void (char**, long const*, long, long)>::callback_fn<at::native::AVX2::VectorizedLoop2d<at::native::AVX2::direct_copy_kernel(at::TensorIteratorBase&)::{lambda()#3}::operator()(void) const::{lambda()#1}::operator()(void) const::{lambda(unsigned char)#1}, at::native::AVX2::direct_copy_kernel(at::TensorIteratorBase&)::{lambda()#3}::operator()(void) const::{lambda()#1}::operator()(void) const::{lambda(at::vec::AVX2::Vectorized<unsigned char>)#2}>>",87.565,97.4,0.6,0.0,0.0,0.3,0.2,60.8,0.0,0.0,0.0,0.0,2.9,1.010057317133659,b1024_gpu3
245,"c10::function_ref<void (char**, long const*, long, long)>::callback_fn<at::TensorIteratorBase::loop_2d_from_1d<at::native::AVX2::copy_kernel(at::TensorIterator&, bool)::{lambda()#1}::operator()(void) const::{lambda()#7}::operator()(void) const::{lambda()#1}::operator()(void) const::{lambda()#1}::operator()(void) const::{lambda(char**long const*, long)#1}>(, signed char, at::native::AVX2::copy_kernel(at::TensorIterator&, bool)::{lambda()#1}::operator()(void) const::{lambda()#7}::operator()(void) const::{lambda()#1}::operator()(void) const::{lambda()#1}::operator()(void) const::{lambda(char**long const*, long)#1} const&)::{lambda(char**long const*, long, long)#1}>",37.22,27.6,0.6,0.0,5.5,20.0,9.5,95.9,0.0,0.0,0.0,36.0,22.2,0.4293305926307862,b1024_gpu3
246,ImagingPackRGB,34.04,81.0,5.1,4.9,0.0,0.7,0.5,41.4,0.0,0.0,0.0,1.1,8.1,0.39264947268006345,b1024_gpu3
247,"c10::function_ref<void (char**, long const*, long, long)>::callback_fn<at::native::AVX2::VectorizedLoop2d<at::native::(anonymous namespace)::add_kernel(at::TensorIteratorBase&, c10::Scalar const&)::{lambda()#1}::operator()(void) const::{lambda()#7}::operator()(void) const::{lambda(floatfloat)#1}, at::native::(anonymous namespace)::add_kernel(at::TensorIteratorBase&, c10::Scalar const&)::{lambda()#1}::operator()(void) const::{lambda()#7}::operator()(void) const::{lambda(at::vec::AVX2::Vectorized<float>at::vec::AVX2::Vectorized<float>)#2}>>",33.735,28.4,18.3,0.6,0.0,8.6,25.7,95.6,0.0,0.0,0.0,3.5,22.9,0.38913131494894065,b1024_gpu3
248,__memset_avx2_unaligned_erms,31.025,46.6,27.2,33.1,3.6,0.0,0.0,18.0,0.0,0.0,0.0,2.8,0.0,0.35787161838716125,b1024_gpu3
249,ImagingFlipLeftRight,21.42,82.2,0.6,5.5,0.4,0.8,0.2,34.6,0.0,0.0,0.0,3.3,23.4,0.24707848721524558,b1024_gpu3
250,_int_free,8.575,30.7,51.7,4.4,14.4,0.0,13.5,34.1,9.7,0.0,0.0,1.1,5.8,0.09891213948976334,b1024_gpu3
251,__libc_calloc,1.97,7.2,44.2,10.6,27.5,0.0,21.7,8.7,0.0,0.0,0.0,13.0,0.0,0.022723838460038923,b1024_gpu3
252,decode_mcu,1893.287,41.1,8.4,41.7,17.2,0.2,0.1,13.4,0.0,0.0,0.0,0.0,5.4,21.756492920731265,b1024_gpu4
253,jpeg_idct_islow,1497.186,70.5,3.1,6.7,1.9,0.0,0.0,11.6,0.0,0.0,0.0,0.2,18.5,17.204743184745872,b1024_gpu4
254,ImagingResampleHorizontal_8bpc,662.666,91.3,1.9,0.0,0.8,0.2,0.1,16.8,0.2,0.0,0.0,0.1,6.2,7.614951213318058,b1024_gpu4
255,ycc_rgb_convert,548.301,83.6,0.6,1.2,0.2,0.0,0.0,11.7,0.0,0.0,0.0,0.2,13.9,6.300738781246517,b1024_gpu4
256,__memmove_avx_unaligned_erms,243.25,7.9,1.6,0.0,21.3,12.8,28.7,64.0,30.3,1.0,0.0,80.8,10.0,2.7952797980273885,b1024_gpu4
257,jpeg_idct_16x16,239.635,85.3,1.1,0.0,0.3,0.0,0.0,11.0,0.0,0.0,0.0,0.5,14.1,2.753738435355779,b1024_gpu4
258,"c10::function_ref<void (char**, long const*, long, long)>::callback_fn<at::native::AVX2::VectorizedLoop2d<at::native::AVX2::direct_copy_kernel(at::TensorIteratorBase&)::{lambda()#3}::operator()(void) const::{lambda()#7}::operator()(void) const::{lambda(float)#1}, at::native::AVX2::direct_copy_kernel(at::TensorIteratorBase&)::{lambda()#3}::operator()(void) const::{lambda()#7}::operator()(void) const::{lambda(at::vec::AVX2::Vectorized<float>)#2}>>",219.91,4.4,0.6,0.5,13.5,8.8,15.1,74.7,100.0,100.0,0.0,87.9,4.9,2.527070834056333,b1024_gpu4
259,"at::native::AVX2::vectorized_loop<at::native::(anonymous namespace)::div_true_kernel(at::TensorIteratorBase&)::{lambda()#1}::operator()(void) const::{lambda()#2}::operator()(void) const::{lambda(floatfloat)#1}&, at::native::(anonymous namespace)::div_true_kernel(at::TensorIteratorBase&)::{lambda()#1}::operator()(void) const::{lambda()#2}::operator()(void) const::{lambda(at::vec::AVX2::Vectorized<float>at::vec::AVX2::Vectorized<float>)#2}&>.isra.0",163.145,13.4,0.4,0.3,26.1,10.3,6.9,93.3,0.0,0.0,0.0,8.5,37.3,1.8747622719390682,b1024_gpu4
260,decompress_onepass,144.045,51.8,5.1,23.0,3.3,0.0,0.2,11.3,0.0,0.0,0.0,0.4,17.2,1.655276787284091,b1024_gpu4
261,ImagingUnpackRGB,141.37,87.6,7.2,0.0,0.9,0.0,0.0,11.9,0.0,0.0,0.0,1.1,5.2,1.6245373280457633,b1024_gpu4
262,"c10::function_ref<void (char**, long const*, long, long)>::callback_fn<at::native::AVX2::VectorizedLoop2d<at::native::AVX2::direct_copy_kernel(at::TensorIteratorBase&)::{lambda()#3}::operator()(void) const::{lambda()#1}::operator()(void) const::{lambda(unsigned char)#1}, at::native::AVX2::direct_copy_kernel(at::TensorIteratorBase&)::{lambda()#3}::operator()(void) const::{lambda()#1}::operator()(void) const::{lambda(at::vec::AVX2::Vectorized<unsigned char>)#2}>>",89.805,100.0,0.8,0.0,0.0,0.5,0.1,55.1,0.0,0.0,0.0,0.0,0.0,1.0319839764104817,b1024_gpu4
263,"c10::function_ref<void (char**, long const*, long, long)>::callback_fn<at::TensorIteratorBase::loop_2d_from_1d<at::native::AVX2::copy_kernel(at::TensorIterator&, bool)::{lambda()#1}::operator()(void) const::{lambda()#7}::operator()(void) const::{lambda()#1}::operator()(void) const::{lambda()#1}::operator()(void) const::{lambda(char**long const*, long)#1}>(, signed char, at::native::AVX2::copy_kernel(at::TensorIterator&, bool)::{lambda()#1}::operator()(void) const::{lambda()#7}::operator()(void) const::{lambda()#1}::operator()(void) const::{lambda()#1}::operator()(void) const::{lambda(char**long const*, long)#1} const&)::{lambda(char**long const*, long, long)#1}>",38.395,22.9,0.7,0.0,11.1,15.3,9.3,86.3,0.0,0.0,0.0,36.4,22.9,0.4412117897030281,b1024_gpu4
264,ImagingPackRGB,36.085,77.1,4.6,0.3,1.0,0.7,0.6,36.1,0.0,0.0,0.0,1.1,14.1,0.4146666865850701,b1024_gpu4
265,"c10::function_ref<void (char**, long const*, long, long)>::callback_fn<at::native::AVX2::VectorizedLoop2d<at::native::(anonymous namespace)::add_kernel(at::TensorIteratorBase&, c10::Scalar const&)::{lambda()#1}::operator()(void) const::{lambda()#7}::operator()(void) const::{lambda(floatfloat)#1}, at::native::(anonymous namespace)::add_kernel(at::TensorIteratorBase&, c10::Scalar const&)::{lambda()#1}::operator()(void) const::{lambda()#7}::operator()(void) const::{lambda(at::vec::AVX2::Vectorized<float>at::vec::AVX2::Vectorized<float>)#2}>>",33.305,24.7,17.7,0.0,0.0,12.8,24.1,94.3,0.0,0.0,0.0,3.0,28.1,0.38272063175047144,b1024_gpu4
266,__memset_avx2_unaligned_erms,30.24,44.4,30.9,16.6,7.6,0.3,0.0,11.3,0.0,0.0,0.0,5.4,5.3,0.3474995317259948,b1024_gpu4
267,ImagingFlipLeftRight,22.59,96.8,1.5,4.8,1.2,0.0,1.0,32.2,0.0,0.0,0.0,1.8,0.0,0.2595904239976925,b1024_gpu4
268,_int_free,8.32,27.8,58.4,9.1,16.8,0.0,24.2,38.5,11.1,0.0,0.0,0.0,1.9,0.09560833677117317,b1024_gpu4
269,__libc_calloc,1.855,12.5,57.6,3.3,29.0,0.0,25.1,15.5,0.0,0.0,0.0,19.3,7.8,0.0213165222007844,b1024_gpu4
