Source Function / Function / Call Stack	CPU Time	Clockticks	Instructions Retired	CPI Rate	Retiring	Front-End Bound	Bad Speculation	L1 Bound	L2 Bound	L3 Bound	Memory Bandwidth	Local DRAM	Remote DRAM	Remote Cache	Store Bound	Core Bound	Average CPU Frequency	Module	Function (Full)	Source File	Start Address
decode_mcu	2529.858s	8,396,080,000,000	9,749,952,000,000	0.861	48.9%	15.9%	38.3%	21.0%	1.2%	0.6%	10.0%	0.0%	0.0%	0.0%	0.4%	0.0%	3.3 GHz	[Unknown]	decode_mcu	[Unknown]	0
jpeg_idct_islow	2285.968s	7,541,504,000,000	14,081,952,000,000	0.536	80.5%	11.7%	4.0%	5.0%	0.1%	0.1%	9.3%	0.0%	0.0%	0.0%	1.1%	3.3%	3.3 GHz	[Unknown]	jpeg_idct_islow	[Unknown]	0
ImagingResampleHorizontal_8bpc	1092.406s	3,654,464,000,000	8,280,160,000,000	0.441	94.7%	10.0%	0.0%	8.9%	0.5%	0.2%	14.9%	0.0%	0.0%	0.0%	0.0%	0.0%	3.3 GHz	[Unknown]	ImagingResampleHorizontal_8bpc	[Unknown]	0
ycc_rgb_convert	959.796s	3,177,072,000,000	6,449,360,000,000	0.493	85.6%	11.8%	0.0%	5.0%	0.2%	0.3%	10.7%	0.0%	0.0%	0.0%	0.4%	2.8%	3.3 GHz	[Unknown]	ycc_rgb_convert	[Unknown]	0
ImagingResampleVertical_8bpc	728.621s	2,479,424,000,000	5,544,192,000,000	0.447	95.8%	8.7%	0.0%	11.8%	0.5%	0.5%	10.6%	0.9%	0.0%	0.0%	0.7%	0.0%	3.4 GHz	[Unknown]	ImagingResampleVertical_8bpc	[Unknown]	0
jpeg_fill_bit_buffer	598.461s	1,965,632,000,000	2,295,040,000,000	0.856	45.8%	22.5%	37.8%	13.4%	0.2%	0.1%	9.3%	0.2%	0.0%	0.0%	0.0%	0.0%	3.3 GHz	[Unknown]	jpeg_fill_bit_buffer	[Unknown]	0
__memmove_avx_unaligned_erms	456.921s	1,545,584,000,000	173,968,000,000	8.884	6.8%	5.5%	1.2%	23.3%	8.1%	9.2%	49.0%	100.0%	1.9%	0.0%	84.4%	7.8%	3.4 GHz	[Unknown]	__memmove_avx_unaligned_erms	memmove-vec-unaligned-erms.S	0
jpeg_idct_16x16	401.416s	1,369,104,000,000	2,747,248,000,000	0.498	89.9%	13.7%	0.0%	5.2%	0.1%	0.0%	9.6%	0.0%	0.0%	0.0%	2.8%	0.0%	3.4 GHz	[Unknown]	jpeg_idct_16x16	[Unknown]	0
c10::function_ref<void (char**, long const*, long, long)>::callback_fn<at::native::AVX2::VectorizedLoop2d<at::native::AVX2::direct_copy_kernel(at::TensorIteratorBase&)::{lambda()#3}::operator()(void) const::{lambda()#7}::operator()(void) const::{lambda(float)#1}, at::native::AVX2::direct_copy_kernel(at::TensorIteratorBase&)::{lambda()#3}::operator()(void) const::{lambda()#7}::operator()(void) const::{lambda(at::vec::AVX2::Vectorized<float>)#2}>>	274.255s	896,576,000,000	161,920,000,000	5.537	7.6%	5.0%	0.0%	14.1%	15.2%	14.8%	77.3%	100.0%	100.0%	0.0%	87.8%	3.8%	3.3 GHz	[Unknown]	c10::function_ref<void (char**, long const*, long, long)>::callback_fn<at::native::AVX2::VectorizedLoop2d<at::native::AVX2::direct_copy_kernel(at::TensorIteratorBase&)::{lambda()#3}::operator()(void) const::{lambda()#7}::operator()(void) const::{lambda(float)#1}, at::native::AVX2::direct_copy_kernel(at::TensorIteratorBase&)::{lambda()#3}::operator()(void) const::{lambda()#7}::operator()(void) const::{lambda(at::vec::AVX2::Vectorized<float>)#2}>>(long, char**, long const*, long, long)	[Unknown]	0
ImagingUnpackRGB	249.785s	825,712,000,000	1,914,048,000,000	0.431	89.3%	7.7%	5.5%	8.6%	0.3%	1.0%	10.5%	0.0%	0.0%	0.0%	6.5%	0.0%	3.3 GHz	[Unknown]	ImagingUnpackRGB	[Unknown]	0
decompress_onepass	227.220s	740,608,000,000	885,024,000,000	0.837	53.2%	24.4%	15.2%	16.1%	1.3%	0.5%	9.4%	0.0%	0.0%	0.0%	2.6%	3.9%	3.3 GHz	[Unknown]	decompress_onepass	[Unknown]	0
_PyEval_EvalFrameDefault	225.335s	747,312,000,000	267,232,000,000	2.796	16.3%	27.4%	14.2%	11.6%	2.7%	10.1%	41.6%	29.5%	0.0%	0.0%	11.1%	2.0%	3.3 GHz	[Unknown]	_PyEval_EvalFrameDefault	ceval.c	0
at::native::AVX2::vectorized_loop<at::native::(anonymous namespace)::div_true_kernel(at::TensorIteratorBase&)::{lambda()#1}::operator()(void) const::{lambda()#2}::operator()(void) const::{lambda(floatfloat)#1}&, at::native::(anonymous namespace)::div_true_kernel(at::TensorIteratorBase&)::{lambda()#1}::operator()(void) const::{lambda()#2}::operator()(void) const::{lambda(at::vec::AVX2::Vectorized<float>at::vec::AVX2::Vectorized<float>)#2}&>.isra.0	200.315s	662,896,000,000	214,176,000,000	3.095	20.0%	9.2%	1.2%	25.1%	17.2%	13.1%	92.3%	0.8%	0.0%	0.0%	12.9%	24.8%	3.3 GHz	[Unknown]	at::native::AVX2::vectorized_loop<at::native::(anonymous namespace)::div_true_kernel(at::TensorIteratorBase&)::{lambda()#1}::operator()(void) const::{lambda()#2}::operator()(void) const::{lambda(floatfloat)#1}&, at::native::(anonymous namespace)::div_true_kernel(at::TensorIteratorBase&)::{lambda()#1}::operator()(void) const::{lambda()#2}::operator()(void) const::{lambda(at::vec::AVX2::Vectorized<float>at::vec::AVX2::Vectorized<float>)#2}&>(char**, long, long, at::native::(anonymous namespace)::div_true_kernel(at::TensorIteratorBase&)::{lambda()#1}::operator()(void) const::{lambda()#2}::operator()(void) const::{lambda(floatfloat)#1}&&&, at::native::(anonymous namespace)::div_true_kernel(at::TensorIteratorBase&)::{lambda()#1}::operator()(void) const::{lambda()#2}::operator()(void) const::{lambda(at::vec::AVX2::Vectorized<float>at::vec::AVX2::Vectorized<float>)#2}&&&).isra.0	[Unknown]	0
clear_page_erms	189.850s	626,896,000,000	20,624,000,000	30.396	8.5%	4.3%	0.0%	0.0%	0.3%	0.0%	4.2%	0.0%	0.0%	0.0%	88.3%	46.2%	3.3 GHz	[Unknown]	clear_page_erms	[Unknown]	0
func@0x3fd7b0	187.200s	620,208,000,000	912,048,000,000	0.680	59.1%	10.7%	0.0%	19.5%	5.9%	0.7%	0.2%	0.0%	0.0%	0.0%	0.1%	17.6%	3.3 GHz	[Unknown]	func@0x3fd7b0	[Unknown]	0
__memset_avx2_erms	158.275s	520,208,000,000	432,000,000	1,204.185	4.4%	5.3%	0.1%	0.0%	0.0%	0.0%	22.9%	0.0%	0.0%	0.0%	90.6%	47.1%	3.3 GHz	[Unknown]	__memset_avx2_erms	memset-vec-unaligned-erms.S	0
c10::function_ref<void (char**, long const*, long, long)>::callback_fn<at::native::AVX2::VectorizedLoop2d<at::native::AVX2::direct_copy_kernel(at::TensorIteratorBase&)::{lambda()#3}::operator()(void) const::{lambda()#1}::operator()(void) const::{lambda(unsigned char)#1}, at::native::AVX2::direct_copy_kernel(at::TensorIteratorBase&)::{lambda()#3}::operator()(void) const::{lambda()#1}::operator()(void) const::{lambda(at::vec::AVX2::Vectorized<unsigned char>)#2}>>	151.835s	500,096,000,000	1,377,840,000,000	0.363	100.0%	4.5%	0.0%	10.6%	0.6%	0.5%	19.7%	0.0%	0.0%	0.0%	0.6%	0.0%	3.3 GHz	[Unknown]	c10::function_ref<void (char**, long const*, long, long)>::callback_fn<at::native::AVX2::VectorizedLoop2d<at::native::AVX2::direct_copy_kernel(at::TensorIteratorBase&)::{lambda()#3}::operator()(void) const::{lambda()#1}::operator()(void) const::{lambda(unsigned char)#1}, at::native::AVX2::direct_copy_kernel(at::TensorIteratorBase&)::{lambda()#3}::operator()(void) const::{lambda()#1}::operator()(void) const::{lambda(at::vec::AVX2::Vectorized<unsigned char>)#2}>>(long, char**, long const*, long, long)	[Unknown]	0
page_fault	145.550s	472,096,000,000	11,328,000,000	41.675	14.6%	16.0%	11.4%	0.0%	2.7%	0.0%	30.6%	0.0%	0.0%	0.0%	9.6%	33.2%	3.2 GHz	[Unknown]	page_fault	[Unknown]	0
prepare_exit_to_usermode	129.980s	481,440,000,000	26,336,000,000	18.281	12.0%	21.5%	0.7%	2.0%	1.1%	0.0%	10.7%	0.0%	0.0%	0.0%	7.8%	36.4%	3.7 GHz	[Unknown]	prepare_exit_to_usermode	[Unknown]	0
at::native::(anonymous namespace)::cat_serial_kernel	129.440s	411,760,000,000	100,192,000,000	4.110	12.6%	12.7%	7.8%	9.4%	0.0%	3.2%	61.3%	100.0%	4.4%	0.0%	30.2%	18.2%	3.2 GHz	[Unknown]	at::native::(anonymous namespace)::cat_serial_kernel(at::Tensor const&, std::vector<std::reference_wrapper<at::Tensor const>, std::allocator<std::reference_wrapper<at::Tensor const>>> const&, long)	[Unknown]	0
change_pte_range	112.025s	336,656,000,000	107,440,000,000	3.133	12.8%	5.9%	2.4%	4.7%	10.3%	0.1%	58.8%	100.0%	100.0%	3.0%	0.0%	9.8%	3.0 GHz	[Unknown]	change_pte_range	[Unknown]	0
c10::function_ref<void (char**, long const*, long, long)>::callback_fn<at::TensorIteratorBase::loop_2d_from_1d<at::native::AVX2::copy_kernel(at::TensorIterator&, bool)::{lambda()#1}::operator()(void) const::{lambda()#7}::operator()(void) const::{lambda()#1}::operator()(void) const::{lambda()#1}::operator()(void) const::{lambda(char**long const*, long)#1}>(, signed char, at::native::AVX2::copy_kernel(at::TensorIterator&, bool)::{lambda()#1}::operator()(void) const::{lambda()#7}::operator()(void) const::{lambda()#1}::operator()(void) const::{lambda()#1}::operator()(void) const::{lambda(char**long const*, long)#1} const&)::{lambda(char**long const*, long, long)#1}>	99.585s	316,688,000,000	127,392,000,000	2.486	17.9%	7.6%	0.0%	34.2%	17.1%	8.1%	60.3%	0.0%	0.0%	0.0%	53.3%	20.5%	3.2 GHz	[Unknown]	c10::function_ref<void (char**, long const*, long, long)>::callback_fn<at::TensorIteratorBase::loop_2d_from_1d<at::native::AVX2::copy_kernel(at::TensorIterator&, bool)::{lambda()#1}::operator()(void) const::{lambda()#7}::operator()(void) const::{lambda()#1}::operator()(void) const::{lambda()#1}::operator()(void) const::{lambda(char**long const*, long)#1}>(, signed char, at::native::AVX2::copy_kernel(at::TensorIterator&, bool)::{lambda()#1}::operator()(void) const::{lambda()#7}::operator()(void) const::{lambda()#1}::operator()(void) const::{lambda()#1}::operator()(void) const::{lambda(char**long const*, long)#1} const&)::{lambda(char**long const*, long, long)#1}>(long, char**, long const*, long, long)	[Unknown]	0
jpeg_idct_16x8	82.625s	269,408,000,000	553,184,000,000	0.487	85.0%	15.2%	0.1%	5.3%	0.3%	0.0%	10.4%	0.0%	0.0%	0.0%	2.1%	0.0%	3.3 GHz	[Unknown]	jpeg_idct_16x8	[Unknown]	0
jpeg_huff_decode	77.790s	260,480,000,000	143,840,000,000	1.811	26.6%	30.1%	35.9%	8.1%	2.6%	1.0%	11.6%	0.0%	0.0%	0.0%	0.0%	4.6%	3.3 GHz	[Unknown]	jpeg_huff_decode	[Unknown]	0
_int_malloc	74.610s	256,496,000,000	34,784,000,000	7.374	4.6%	14.7%	7.5%	9.6%	1.2%	16.2%	31.8%	34.3%	0.0%	0.0%	0.8%	0.4%	3.4 GHz	[Unknown]	_int_malloc	malloc.c	0
_Py_DECREF	63.995s	209,888,000,000	78,624,000,000	2.670	14.5%	35.9%	14.5%	6.1%	3.9%	14.8%	38.4%	12.0%	2.9%	0.9%	3.9%	11.2%	3.3 GHz	[Unknown]	_Py_DECREF	object.h	0
ImagingPackRGB	62.675s	209,040,000,000	456,816,000,000	0.458	82.0%	8.1%	7.7%	12.1%	1.0%	2.5%	19.5%	0.0%	0.0%	0.0%	9.9%	1.5%	3.3 GHz	[Unknown]	ImagingPackRGB	[Unknown]	0
_Py_INCREF	61.695s	212,000,000,000	35,600,000,000	5.955	8.8%	22.6%	5.5%	6.7%	0.0%	10.5%	50.4%	97.1%	1.8%	0.0%	20.4%	3.2%	3.4 GHz	[Unknown]	_Py_INCREF	object.h	0
__memset_avx2_unaligned_erms	53.350s	181,392,000,000	144,528,000,000	1.255	31.6%	33.0%	17.6%	6.6%	0.5%	0.0%	9.9%	0.0%	0.0%	0.0%	21.2%	10.3%	3.4 GHz	[Unknown]	__memset_avx2_unaligned_erms	memset-vec-unaligned-erms.S	0
swapgs_restore_regs_and_return_to_usermode	45.530s	159,792,000,000	26,160,000,000	6.108	18.9%	20.3%	6.7%	5.5%	0.9%	0.9%	10.5%	0.0%	0.0%	0.0%	0.0%	44.3%	3.5 GHz	[Unknown]	swapgs_restore_regs_and_return_to_usermode	[Unknown]	0
c10::function_ref<void (char**, long const*, long, long)>::callback_fn<at::native::AVX2::VectorizedLoop2d<at::native::(anonymous namespace)::add_kernel(at::TensorIteratorBase&, c10::Scalar const&)::{lambda()#1}::operator()(void) const::{lambda()#7}::operator()(void) const::{lambda(floatfloat)#1}, at::native::(anonymous namespace)::add_kernel(at::TensorIteratorBase&, c10::Scalar const&)::{lambda()#1}::operator()(void) const::{lambda()#7}::operator()(void) const::{lambda(at::vec::AVX2::Vectorized<float>at::vec::AVX2::Vectorized<float>)#2}>>	41.435s	134,400,000,000	119,040,000,000	1.129	36.6%	26.0%	0.0%	6.6%	14.1%	22.8%	95.9%	0.0%	0.0%	0.0%	4.7%	15.0%	3.2 GHz	[Unknown]	c10::function_ref<void (char**, long const*, long, long)>::callback_fn<at::native::AVX2::VectorizedLoop2d<at::native::(anonymous namespace)::add_kernel(at::TensorIteratorBase&, c10::Scalar const&)::{lambda()#1}::operator()(void) const::{lambda()#7}::operator()(void) const::{lambda(floatfloat)#1}, at::native::(anonymous namespace)::add_kernel(at::TensorIteratorBase&, c10::Scalar const&)::{lambda()#1}::operator()(void) const::{lambda()#7}::operator()(void) const::{lambda(at::vec::AVX2::Vectorized<float>at::vec::AVX2::Vectorized<float>)#2}>>(long, char**, long const*, long, long)	[Unknown]	0
ImagingFlipLeftRight	40.600s	129,840,000,000	274,592,000,000	0.473	87.0%	6.2%	0.0%	10.3%	3.4%	0.3%	19.3%	0.0%	0.0%	0.0%	8.1%	6.2%	3.2 GHz	[Unknown]	ImagingFlipLeftRight	[Unknown]	0
error_entry	38.185s	135,840,000,000	22,880,000,000	5.937	23.0%	16.2%	3.0%	0.0%	0.0%	0.0%	10.6%	0.0%	0.0%	0.0%	0.3%	57.4%	3.6 GHz	[Unknown]	error_entry	[Unknown]	0
_PyType_Lookup	36.985s	115,008,000,000	42,736,000,000	2.691	14.4%	28.1%	8.5%	7.6%	0.0%	12.6%	53.1%	100.0%	0.0%	0.0%	5.5%	5.6%	3.1 GHz	[Unknown]	_PyType_Lookup	typeobject.c	0
__handle_mm_fault	34.980s	130,720,000,000	133,376,000,000	0.980	50.8%	30.6%	0.0%	16.3%	4.9%	3.3%	11.0%	0.0%	0.0%	0.0%	3.9%	9.6%	3.7 GHz	[Unknown]	__handle_mm_fault	[Unknown]	0
pymalloc_alloc	33.810s	106,224,000,000	27,680,000,000	3.838	11.7%	34.7%	19.5%	18.6%	4.2%	19.2%	52.5%	38.3%	3.3%	0.0%	8.0%	3.5%	3.1 GHz	[Unknown]	pymalloc_alloc	obmalloc.c	0
copy_user_enhanced_fast_string	31.395s	115,408,000,000	1,696,000,000	68.047	7.5%	4.0%	0.0%	18.2%	4.9%	5.8%	69.8%	100.0%	22.6%	52.4%	64.7%	3.4%	3.7 GHz	[Unknown]	copy_user_enhanced_fast_string	[Unknown]	0
zap_pte_range.isra.0	30.480s	107,600,000,000	44,352,000,000	2.426	18.7%	12.4%	0.0%	5.9%	7.4%	0.1%	11.6%	35.3%	11.7%	0.0%	0.0%	15.9%	3.5 GHz	[Unknown]	zap_pte_range.isra.0	[Unknown]	0
func@0x159f20	29.155s	97,568,000,000	122,080,000,000	0.799	45.2%	12.9%	13.6%	7.5%	5.2%	0.5%	0.3%	0.0%	0.0%	0.0%	0.0%	21.5%	3.3 GHz	[Unknown]	func@0x159f20	[Unknown]	0
rmqueue	27.710s	91,152,000,000	52,864,000,000	1.724	26.6%	11.1%	0.0%	10.9%	7.7%	0.7%	15.5%	25.6%	0.0%	3.7%	49.2%	14.9%	3.3 GHz	[Unknown]	rmqueue	[Unknown]	0
do_numa_page	26.075s	81,456,000,000	46,944,000,000	1.735	28.0%	20.5%	4.2%	16.8%	0.0%	0.7%	39.4%	53.1%	8.2%	0.0%	0.0%	6.7%	3.1 GHz	[Unknown]	do_numa_page	[Unknown]	0
PyObject_GetAttr	24.345s	79,632,000,000	9,936,000,000	8.014	7.4%	18.1%	4.3%	1.9%	0.4%	12.0%	43.7%	34.2%	0.0%	0.0%	11.5%	1.5%	3.3 GHz	[Unknown]	PyObject_GetAttr	object.c	0
_PyEval_MakeFrameVector	23.805s	85,680,000,000	18,432,000,000	4.648	11.7%	20.1%	7.7%	7.2%	0.0%	4.6%	45.7%	100.0%	0.0%	0.0%	64.3%	5.9%	3.6 GHz	[Unknown]	_PyEval_MakeFrameVector	ceval.c	0
get_mem_cgroup_from_mm	23.495s	73,648,000,000	11,488,000,000	6.411	4.4%	6.3%	6.1%	14.3%	2.9%	0.8%	3.5%	2.0%	3.2%	0.0%	86.4%	34.4%	3.1 GHz	[Unknown]	get_mem_cgroup_from_mm	[Unknown]	0
lookdict_unicode_nodummy	22.845s	77,360,000,000	24,864,000,000	3.111	13.2%	33.1%	14.7%	4.7%	0.0%	15.9%	45.4%	20.7%	12.8%	0.0%	4.7%	9.8%	3.4 GHz	[Unknown]	lookdict_unicode_nodummy	dictobject.c	0
_PyObject_VectorcallTstate	22.815s	74,736,000,000	14,656,000,000	5.099	8.4%	37.7%	5.1%	3.4%	5.8%	72.3%	57.2%	0.0%	0.0%	0.0%	36.3%	2.9%	3.3 GHz	[Unknown]	_PyObject_VectorcallTstate	abstract.h	0
handle_mm_fault	20.440s	67,792,000,000	64,288,000,000	1.055	44.1%	18.7%	0.0%	19.3%	3.8%	1.5%	9.3%	0.0%	0.0%	0.0%	0.9%	24.9%	3.3 GHz	[Unknown]	handle_mm_fault	[Unknown]	0
sep_upsample	19.690s	71,696,000,000	51,776,000,000	1.385	36.6%	25.0%	0.4%	7.7%	2.9%	4.4%	11.7%	0.0%	0.0%	0.0%	21.5%	9.5%	3.6 GHz	[Unknown]	sep_upsample	[Unknown]	0
_PyObject_GetMethod	18.395s	65,392,000,000	19,232,000,000	3.400	9.9%	27.3%	14.7%	11.0%	0.0%	9.0%	56.7%	71.9%	0.0%	0.0%	6.0%	3.2%	3.6 GHz	[Unknown]	_PyObject_GetMethod	object.c	0
_PyFunction_Vectorcall	18.265s	62,592,000,000	4,640,000,000	13.490	4.0%	8.4%	1.1%	0.2%	0.5%	5.1%	61.6%	74.7%	0.0%	0.0%	80.8%	4.3%	3.4 GHz	[Unknown]	_PyFunction_Vectorcall	call.c	0
iscsi_dbg_trace	17.810s	55,520,000,000	15,200,000,000	3.653	12.4%	6.4%	0.0%	3.0%	0.0%	0.0%	27.6%	0.0%	0.0%	0.0%	68.6%	44.9%	3.1 GHz	[Unknown]	iscsi_dbg_trace	[Unknown]	0
memcpy_erms	17.790s	60,544,000,000	4,816,000,000	12.571	13.9%	9.7%	4.8%	33.0%	2.5%	18.4%	38.2%	0.0%	0.0%	0.0%	63.2%	12.9%	3.4 GHz	[Unknown]	memcpy_erms	[Unknown]	0
lookdict_unicode	17.720s	60,752,000,000	11,840,000,000	5.131	5.8%	27.3%	11.9%	11.4%	0.5%	27.3%	50.6%	20.8%	8.1%	0.0%	1.5%	2.4%	3.4 GHz	[Unknown]	lookdict_unicode	dictobject.c	0
_int_free	17.665s	52,384,000,000	32,624,000,000	1.606	25.5%	50.1%	11.0%	8.6%	0.3%	18.5%	40.7%	18.5%	0.0%	0.0%	2.0%	4.4%	3.0 GHz	[Unknown]	_int_free	malloc.c	0
func@0x4e0d70	17.100s	52,176,000,000	40,208,000,000	1.298	30.6%	14.0%	37.2%	11.5%	0.0%	0.0%	0.0%	0.0%	0.0%	0.0%	0.0%	14.2%	3.1 GHz	[Unknown]	func@0x4e0d70	[Unknown]	0
mem_cgroup_try_charge	17.035s	52,608,000,000	11,264,000,000	4.670	7.9%	4.6%	0.0%	5.4%	0.0%	0.0%	0.9%	0.0%	0.0%	0.0%	81.0%	43.3%	3.1 GHz	[Unknown]	mem_cgroup_try_charge	[Unknown]	0
__mod_memcg_state	16.955s	57,312,000,000	50,624,000,000	1.132	39.3%	16.7%	6.7%	41.9%	5.0%	2.4%	6.5%	5.3%	0.0%	2.7%	0.0%	3.8%	3.4 GHz	[Unknown]	__mod_memcg_state	[Unknown]	0
do_syscall_64	16.760s	59,968,000,000	6,128,000,000	9.786	12.8%	25.4%	0.5%	2.0%	2.5%	8.5%	44.8%	0.0%	0.0%	0.0%	6.3%	28.7%	3.6 GHz	[Unknown]	do_syscall_64	[Unknown]	0
PyType_IsSubtype	16.525s	56,704,000,000	10,704,000,000	5.297	6.8%	45.8%	6.4%	16.9%	0.0%	10.0%	41.8%	59.8%	0.0%	0.0%	11.6%	0.2%	3.4 GHz	[Unknown]	PyType_IsSubtype	typeobject.c	0
xas_load	16.200s	50,672,000,000	43,872,000,000	1.155	31.9%	23.0%	8.9%	5.0%	14.2%	3.0%	10.4%	36.4%	9.4%	0.0%	6.2%	17.8%	3.1 GHz	[Unknown]	xas_load	[Unknown]	0
clock_gettime	16.000s	52,816,000,000	52,672,000,000	1.003	46.5%	13.1%	2.7%	13.1%	2.0%	2.3%	2.8%	0.0%	0.0%	0.0%	0.0%	24.8%	3.3 GHz	[Unknown]	clock_gettime	[Unknown]	0
PyDict_GetItemWithError	15.615s	49,856,000,000	10,800,000,000	4.616	7.5%	19.7%	11.0%	0.0%	11.7%	13.6%	44.8%	57.5%	0.0%	0.0%	13.2%	8.5%	3.2 GHz	[Unknown]	PyDict_GetItemWithError	dictobject.c	0
filemap_map_pages	15.490s	63,408,000,000	21,152,000,000	2.998	14.9%	14.1%	5.8%	9.0%	0.5%	1.5%	33.6%	100.0%	100.0%	0.0%	0.0%	12.8%	4.1 GHz	[Unknown]	filemap_map_pages	[Unknown]	0
release_pages	15.195s	43,472,000,000	51,088,000,000	0.851	53.6%	31.4%	0.0%	31.4%	3.8%	0.0%	3.1%	0.0%	0.0%	0.0%	0.0%	6.3%	2.9 GHz	[Unknown]	release_pages	[Unknown]	0
__mod_lruvec_state	14.950s	60,592,000,000	61,104,000,000	0.992	34.5%	19.5%	0.7%	26.7%	6.7%	2.4%	7.4%	0.0%	0.0%	0.0%	2.0%	19.2%	4.1 GHz	[Unknown]	__mod_lruvec_state	[Unknown]	0
torch::FunctionSignature::parse	14.810s	44,688,000,000	9,632,000,000	4.640	6.7%	58.6%	12.7%	16.8%	9.7%	4.5%	46.0%	56.0%	0.0%	0.0%	6.7%	0.9%	3.0 GHz	[Unknown]	torch::FunctionSignature::parse(_object*, _object*, _object*, _object**, bool)	[Unknown]	0
lookdict_split	14.675s	45,296,000,000	20,592,000,000	2.200	19.0%	28.3%	13.5%	0.0%	4.0%	14.0%	39.4%	50.0%	0.0%	0.0%	1.7%	6.9%	3.1 GHz	[Unknown]	lookdict_split	dictobject.c	0
free_pcppages_bulk	14.305s	54,720,000,000	38,064,000,000	1.438	25.0%	9.1%	4.1%	2.2%	0.0%	4.3%	7.7%	100.0%	100.0%	0.0%	8.8%	10.2%	3.8 GHz	[Unknown]	free_pcppages_bulk	[Unknown]	0
_raw_spin_lock	14.170s	48,304,000,000	42,096,000,000	1.147	36.1%	40.0%	0.0%	41.6%	0.0%	0.0%	18.6%	0.0%	0.0%	0.0%	5.0%	7.8%	3.4 GHz	[Unknown]	_raw_spin_lock	[Unknown]	0
precompute_coeffs	13.895s	53,616,000,000	70,016,000,000	0.766	66.7%	9.5%	0.0%	10.6%	0.0%	1.7%	22.4%	0.0%	0.0%	0.0%	26.6%	16.7%	3.9 GHz	[Unknown]	precompute_coeffs	[Unknown]	0
__GI___libc_malloc	13.870s	43,760,000,000	13,792,000,000	3.173	16.7%	52.0%	9.8%	37.7%	0.0%	29.1%	25.4%	0.0%	0.0%	0.0%	6.2%	5.6%	3.2 GHz	[Unknown]	__GI___libc_malloc	malloc.c	0
ixgbe_clean_rx_irq	13.535s	49,232,000,000	18,768,000,000	2.623	21.0%	17.3%	0.0%	3.7%	0.0%	1.7%	18.9%	18.9%	0.0%	0.0%	34.4%	23.5%	3.6 GHz	[Unknown]	ixgbe_clean_rx_irq	[Unknown]	0
unlink_chunk	13.090s	43,120,000,000	3,552,000,000	12.140	4.3%	23.7%	11.3%	7.0%	0.0%	19.0%	44.2%	80.2%	0.0%	0.0%	1.0%	14.3%	3.3 GHz	[Unknown]	unlink_chunk	malloc.c	0
__mod_node_page_state	12.850s	45,088,000,000	51,760,000,000	0.871	44.8%	21.9%	4.9%	28.3%	3.3%	4.0%	3.7%	0.0%	0.0%	0.0%	1.0%	12.0%	3.5 GHz	[Unknown]	__mod_node_page_state	[Unknown]	0
_PyObject_GenericGetAttrWithDict	12.735s	41,440,000,000	31,872,000,000	1.300	27.3%	37.5%	12.4%	2.5%	0.0%	4.9%	36.6%	87.8%	0.0%	0.0%	6.5%	8.7%	3.3 GHz	[Unknown]	_PyObject_GenericGetAttrWithDict	object.c	0
__pagevec_lru_add_fn	12.695s	34,304,000,000	38,800,000,000	0.884	69.3%	42.7%	0.0%	44.2%	0.0%	0.0%	5.2%	0.0%	0.0%	9.5%	5.2%	0.0%	2.7 GHz	[Unknown]	__pagevec_lru_add_fn	[Unknown]	0
find_get_entries	12.445s	48,592,000,000	16,368,000,000	2.969	12.4%	8.7%	0.0%	0.3%	18.2%	0.9%	13.9%	62.6%	58.2%	0.0%	0.3%	19.1%	3.9 GHz	[Unknown]	find_get_entries	[Unknown]	0
__count_memcg_events	12.160s	40,208,000,000	18,416,000,000	2.183	20.8%	16.2%	0.0%	54.8%	1.9%	8.6%	11.9%	7.5%	0.0%	0.0%	0.0%	20.7%	3.3 GHz	[Unknown]	__count_memcg_events	[Unknown]	0
jpeg_idct_8x16	11.625s	33,168,000,000	65,120,000,000	0.509	96.2%	10.8%	0.0%	5.0%	0.0%	0.0%	6.3%	0.0%	0.0%	0.0%	1.4%	9.3%	2.9 GHz	[Unknown]	jpeg_idct_8x16	[Unknown]	0
_dl_update_slotinfo	11.500s	41,072,000,000	38,240,000,000	1.074	41.9%	44.9%	2.5%	22.3%	1.5%	9.5%	26.7%	0.0%	0.0%	0.0%	7.3%	4.0%	3.6 GHz	[Unknown]	_dl_update_slotinfo	dl-tls.c	0
frame_dealloc	11.490s	35,872,000,000	19,280,000,000	1.861	14.3%	39.8%	22.9%	3.8%	7.5%	13.5%	43.1%	74.4%	0.0%	0.0%	3.3%	7.1%	3.1 GHz	[Unknown]	frame_dealloc	frameobject.c	0
sync_regs	11.330s	34,368,000,000	6,848,000,000	5.019	27.6%	34.2%	32.7%	14.4%	0.9%	0.0%	8.7%	0.0%	0.0%	0.0%	3.5%	1.5%	3.0 GHz	[Unknown]	sync_regs	[Unknown]	0
_PyUnicode_FromId	11.290s	43,968,000,000	10,848,000,000	4.053	17.0%	43.8%	4.0%	0.0%	7.8%	18.5%	42.6%	6.0%	0.0%	0.0%	1.7%	13.6%	3.9 GHz	[Unknown]	_PyUnicode_FromId	unicodeobject.c	0
shmem_getpage_gfp	11.285s	36,320,000,000	31,136,000,000	1.166	34.3%	28.4%	6.6%	10.7%	1.7%	2.5%	0.8%	0.0%	0.0%	0.0%	15.7%	19.5%	3.2 GHz	[Unknown]	shmem_getpage_gfp	[Unknown]	0
__GI___pthread_mutex_lock	10.925s	35,488,000,000	16,624,000,000	2.135	30.5%	67.9%	3.4%	32.5%	0.8%	12.4%	32.1%	6.5%	0.0%	0.0%	0.4%	0.3%	3.2 GHz	[Unknown]	__GI___pthread_mutex_lock	pthread_mutex_lock.c	0
PyObject_SetAttr	10.860s	34,064,000,000	6,672,000,000	5.106	9.1%	25.1%	15.4%	0.0%	0.0%	12.4%	72.2%	32.0%	0.0%	0.0%	5.7%	15.4%	3.1 GHz	[Unknown]	PyObject_SetAttr	object.c	0
vm_normal_page	10.815s	29,600,000,000	64,736,000,000	0.457	77.5%	24.5%	0.0%	19.8%	0.0%	0.0%	29.4%	0.0%	0.0%	0.0%	0.0%	11.7%	2.7 GHz	[Unknown]	vm_normal_page	[Unknown]	0
do_user_addr_fault	10.590s	36,816,000,000	39,328,000,000	0.936	46.0%	54.0%	3.7%	25.3%	4.9%	2.9%	12.2%	0.0%	9.8%	0.0%	0.0%	0.0%	3.5 GHz	[Unknown]	do_user_addr_fault	[Unknown]	0
vmacache_find	10.455s	30,816,000,000	33,824,000,000	0.911	49.2%	47.1%	0.0%	30.2%	1.0%	6.9%	18.0%	0.0%	0.0%	0.0%	0.0%	3.3%	2.9 GHz	[Unknown]	vmacache_find	[Unknown]	0
native_queued_spin_lock_slowpath	10.195s	32,752,000,000	7,072,000,000	4.631	24.1%	14.4%	2.3%	10.1%	0.5%	0.0%	4.6%	0.0%	0.0%	0.0%	0.0%	44.5%	3.2 GHz	[Unknown]	native_queued_spin_lock_slowpath	[Unknown]	0
arena_map_is_used	10.045s	29,472,000,000	12,144,000,000	2.427	17.1%	32.4%	11.9%	29.5%	6.6%	12.8%	34.6%	0.0%	0.0%	0.0%	2.5%	4.0%	2.9 GHz	[Unknown]	arena_map_is_used	obmalloc.c	0
xas_store	9.965s	33,872,000,000	46,144,000,000	0.734	45.4%	40.9%	6.0%	10.2%	0.0%	0.0%	5.8%	0.0%	0.0%	0.0%	0.0%	6.0%	3.4 GHz	[Unknown]	xas_store	[Unknown]	0
__activate_page	9.855s	32,352,000,000	33,264,000,000	0.973	40.3%	23.6%	7.1%	27.4%	0.0%	0.0%	1.9%	0.0%	0.0%	4.6%	7.9%	10.2%	3.3 GHz	[Unknown]	__activate_page	[Unknown]	0
tcache_get	9.770s	27,760,000,000	4,672,000,000	5.942	5.1%	46.4%	3.4%	0.0%	16.8%	21.3%	28.1%	32.4%	0.0%	0.0%	23.8%	0.2%	2.8 GHz	[Unknown]	tcache_get	malloc.c	0
__tls_get_addr	9.220s	25,856,000,000	13,568,000,000	1.906	32.7%	70.4%	0.0%	21.5%	3.5%	26.7%	30.7%	0.0%	0.0%	0.0%	1.2%	0.4%	2.8 GHz	[Unknown]	__tls_get_addr	tls_get_addr.S	0
__alloc_pages_nodemask	9.145s	28,192,000,000	33,600,000,000	0.839	44.3%	24.8%	17.8%	8.5%	2.1%	2.7%	4.8%	0.0%	0.0%	0.0%	8.5%	3.8%	3.1 GHz	[Unknown]	__alloc_pages_nodemask	[Unknown]	0
try_charge	8.890s	33,904,000,000	15,648,000,000	2.167	24.9%	5.1%	0.0%	18.1%	0.9%	0.5%	4.9%	0.0%	0.0%	0.0%	46.0%	32.7%	3.8 GHz	[Unknown]	try_charge	[Unknown]	0
func@0x36a860	8.760s	26,912,000,000	25,200,000,000	1.068	39.2%	24.5%	46.3%	21.7%	1.1%	1.7%	1.1%	0.0%	0.0%	0.0%	0.0%	0.0%	3.1 GHz	[Unknown]	func@0x36a860	[Unknown]	0
__GI_	8.620s	19,248,000,000	6,016,000,000	3.199	18.9%	82.6%	10.9%	38.2%	13.2%	21.2%	48.3%	16.6%	0.0%	0.0%	0.8%	1.4%	2.2 GHz	[Unknown]	__GI_(long, int, bool, char)	malloc.c	0
ImagingJpegDecode	8.575s	25,984,000,000	17,360,000,000	1.497	38.3%	22.0%	20.5%	21.4%	9.2%	19.1%	20.2%	9.7%	0.0%	0.0%	0.6%	5.5%	3.0 GHz	[Unknown]	ImagingJpegDecode	[Unknown]	0
PyVectorcall_Function	8.560s	32,016,000,000	12,800,000,000	2.501	22.9%	47.7%	0.0%	5.6%	0.0%	7.1%	42.6%	100.0%	0.0%	0.0%	19.7%	8.0%	3.7 GHz	[Unknown]	PyVectorcall_Function	abstract.h	0
func@0x291e70	8.425s	26,352,000,000	47,504,000,000	0.555	94.7%	28.7%	0.0%	13.1%	0.0%	0.0%	0.0%	0.0%	0.0%	0.0%	0.0%	25.3%	3.1 GHz	[Unknown]	func@0x291e70	[Unknown]	0
_PyRuntimeState_GetThreadState	8.400s	32,432,000,000	10,928,000,000	2.968	10.5%	46.8%	16.4%	0.0%	1.9%	35.2%	27.3%	0.0%	0.0%	0.0%	1.9%	11.8%	3.9 GHz	[Unknown]	_PyRuntimeState_GetThreadState	pycore_pystate.h	0
jpeg_make_d_derived_tbl	8.390s	27,312,000,000	18,608,000,000	1.468	23.1%	21.1%	15.5%	14.3%	0.0%	0.0%	1.6%	0.0%	0.0%	0.0%	22.0%	17.8%	3.3 GHz	[Unknown]	jpeg_make_d_derived_tbl	[Unknown]	0
entry_SYSCALL_64	8.385s	26,944,000,000	1,520,000,000	17.726	14.2%	22.1%	15.8%	0.0%	2.8%	0.0%	39.5%	0.0%	0.0%	0.0%	5.0%	37.6%	3.2 GHz	[Unknown]	entry_SYSCALL_64	[Unknown]	0
kmem_cache_alloc	8.305s	32,400,000,000	8,496,000,000	3.814	23.1%	15.1%	0.0%	11.6%	8.3%	20.3%	53.7%	41.6%	0.0%	0.0%	6.0%	4.9%	3.9 GHz	[Unknown]	kmem_cache_alloc	[Unknown]	0
page_add_file_rmap	8.160s	26,912,000,000	31,536,000,000	0.853	53.0%	32.4%	0.0%	18.4%	14.5%	1.6%	5.6%	0.0%	0.0%	5.8%	0.0%	12.1%	3.3 GHz	[Unknown]	page_add_file_rmap	[Unknown]	0
mark_page_accessed	7.845s	31,248,000,000	22,816,000,000	1.370	37.0%	31.6%	11.3%	20.2%	2.4%	0.0%	15.4%	0.0%	0.0%	0.0%	0.0%	12.9%	4.0 GHz	[Unknown]	mark_page_accessed	[Unknown]	0
mem_cgroup_try_charge_delay	7.570s	23,392,000,000	7,600,000,000	3.078	6.3%	4.3%	0.0%	4.5%	0.0%	0.0%	0.6%	0.0%	0.0%	0.0%	100.0%	40.4%	3.1 GHz	[Unknown]	mem_cgroup_try_charge_delay	[Unknown]	0
__mod_zone_page_state	7.565s	20,688,000,000	29,584,000,000	0.699	55.8%	13.8%	14.1%	32.6%	0.0%	0.0%	4.4%	0.0%	0.0%	0.0%	20.3%	1.2%	2.7 GHz	[Unknown]	__mod_zone_page_state	[Unknown]	0
update_get_addr	7.545s	27,456,000,000	25,568,000,000	1.074	52.8%	38.2%	0.0%	8.7%	8.7%	8.6%	19.7%	6.9%	0.0%	0.0%	2.7%	7.4%	3.6 GHz	[Unknown]	update_get_addr	dl-tls.c	0
up_read	7.475s	19,200,000,000	23,904,000,000	0.803	57.5%	55.6%	0.0%	26.6%	0.8%	0.0%	13.3%	0.0%	0.0%	0.0%	0.0%	7.1%	2.6 GHz	[Unknown]	up_read	[Unknown]	0
malloc_consolidate	7.210s	24,272,000,000	4,816,000,000	5.040	8.6%	26.6%	26.1%	6.2%	4.3%	23.1%	34.0%	9.0%	0.0%	0.0%	2.5%	15.9%	3.4 GHz	[Unknown]	malloc_consolidate	malloc.c	0
xas_start	7.205s	22,464,000,000	12,624,000,000	1.779	35.5%	25.6%	0.0%	16.7%	2.0%	12.7%	17.4%	0.0%	0.0%	0.0%	43.4%	15.0%	3.1 GHz	[Unknown]	xas_start	[Unknown]	0
_raw_spin_lock_irqsave	7.200s	23,616,000,000	16,480,000,000	1.433	37.8%	28.1%	0.0%	24.8%	0.0%	0.0%	17.8%	0.0%	0.0%	0.0%	0.6%	21.7%	3.3 GHz	[Unknown]	_raw_spin_lock_irqsave	[Unknown]	0
l2rgb	7.175s	25,600,000,000	36,352,000,000	0.704	67.6%	14.7%	0.0%	7.6%	0.0%	0.0%	8.2%	0.0%	0.0%	0.0%	36.3%	7.4%	3.6 GHz	[Unknown]	l2rgb	[Unknown]	0
memset_erms	7.095s	23,104,000,000	5,040,000,000	4.584	30.2%	7.4%	0.0%	0.0%	0.0%	0.0%	31.8%	0.0%	0.0%	0.0%	60.4%	21.5%	3.3 GHz	[Unknown]	memset_erms	[Unknown]	0
LogAPIUsageOnceFromPython	6.995s	19,488,000,000	752,000,000	25.915	1.3%	42.8%	12.5%	0.0%	0.0%	15.3%	27.7%	0.0%	0.0%	0.0%	0.0%	20.5%	2.8 GHz	[Unknown]	LogAPIUsageOnceFromPython(std::string const&)	[Unknown]	0
__GI___clock_gettime	6.955s	21,632,000,000	32,656,000,000	0.662	70.8%	45.7%	0.0%	7.6%	8.3%	9.7%	6.9%	0.0%	0.0%	0.0%	0.0%	0.0%	3.1 GHz	[Unknown]	__GI___clock_gettime	clock_gettime.c	0
__pthread_mutex_unlock_usercnt	6.820s	19,920,000,000	14,528,000,000	1.371	38.4%	49.7%	0.0%	27.9%	3.0%	0.0%	27.1%	0.0%	0.0%	0.0%	1.5%	10.6%	2.9 GHz	[Unknown]	__pthread_mutex_unlock_usercnt	pthread_mutex_unlock.c	0
func@0x175ac0	6.645s	24,112,000,000	25,696,000,000	0.938	58.7%	11.5%	0.0%	5.6%	0.0%	0.6%	0.0%	0.0%	0.0%	0.0%	0.0%	63.4%	3.6 GHz	[Unknown]	func@0x175ac0	[Unknown]	0
arena_map_get	6.635s	20,704,000,000	11,584,000,000	1.787	18.2%	50.8%	36.0%	9.4%	11.6%	16.7%	35.5%	0.0%	0.0%	0.0%	0.0%	0.0%	3.1 GHz	[Unknown]	arena_map_get	obmalloc.c	0
page_remove_rmap	6.550s	19,600,000,000	29,776,000,000	0.658	57.0%	29.7%	1.2%	38.3%	4.6%	3.1%	10.7%	0.0%	0.0%	9.6%	0.0%	5.0%	3.0 GHz	[Unknown]	page_remove_rmap	[Unknown]	0
_copy	6.550s	26,880,000,000	5,264,000,000	5.106	12.6%	6.6%	0.0%	26.8%	7.3%	14.4%	18.4%	27.1%	0.0%	0.0%	58.6%	10.9%	4.1 GHz	[Unknown]	_copy	[Unknown]	0
jpeg_read_scanlines	6.525s	23,424,000,000	20,224,000,000	1.158	31.9%	26.2%	28.1%	14.1%	0.6%	10.2%	15.4%	0.0%	0.0%	0.0%	14.7%	3.0%	3.6 GHz	[Unknown]	jpeg_read_scanlines	[Unknown]	0
prep_new_page	6.485s	20,576,000,000	5,056,000,000	4.070	17.7%	17.1%	12.1%	5.1%	2.2%	0.0%	9.5%	0.0%	0.0%	0.0%	41.6%	29.1%	3.2 GHz	[Unknown]	prep_new_page	[Unknown]	0
syscall_return_via_sysret	6.475s	20,224,000,000	4,624,000,000	4.374	5.9%	19.1%	16.2%	0.0%	2.2%	3.0%	45.2%	0.0%	0.0%	0.0%	0.0%	51.0%	3.1 GHz	[Unknown]	syscall_return_via_sysret	[Unknown]	0
__do_page_fault	6.340s	21,712,000,000	17,840,000,000	1.217	56.4%	37.8%	18.9%	12.4%	0.7%	12.4%	10.4%	0.0%	0.0%	0.0%	3.5%	0.0%	3.4 GHz	[Unknown]	__do_page_fault	[Unknown]	0
do_task_stat	6.140s	16,400,000,000	4,400,000,000	3.727	13.2%	4.0%	4.0%	17.4%	20.1%	5.8%	74.1%	100.0%	25.7%	0.0%	4.6%	0.0%	2.7 GHz	[Unknown]	do_task_stat	[Unknown]	0
page_mapping	6.110s	24,208,000,000	25,648,000,000	0.944	56.4%	36.7%	4.2%	33.5%	0.0%	0.0%	3.7%	0.0%	0.0%	0.0%	0.0%	0.9%	4.0 GHz	[Unknown]	page_mapping	[Unknown]	0
PyObject_IsTrue	6.045s	18,688,000,000	2,816,000,000	6.636	11.0%	70.1%	21.3%	8.8%	0.8%	10.1%	42.5%	46.7%	0.0%	0.0%	0.0%	0.0%	3.1 GHz	[Unknown]	PyObject_IsTrue	object.c	0
_Py_CheckFunctionResult	5.910s	15,856,000,000	10,032,000,000	1.581	39.8%	60.2%	7.7%	2.8%	9.5%	15.1%	32.2%	9.7%	0.0%	0.0%	0.0%	0.0%	2.7 GHz	[Unknown]	_Py_CheckFunctionResult	call.c	0
tupledealloc	5.905s	18,256,000,000	10,144,000,000	1.800	25.2%	53.5%	21.3%	26.3%	9.0%	14.0%	38.6%	38.3%	0.0%	0.0%	4.9%	0.0%	3.1 GHz	[Unknown]	tupledealloc	tupleobject.c	0
alloc_set_pte	5.855s	20,592,000,000	30,304,000,000	0.680	78.5%	42.1%	0.0%	32.8%	6.6%	0.0%	8.0%	0.0%	0.0%	0.0%	0.0%	0.0%	3.5 GHz	[Unknown]	alloc_set_pte	[Unknown]	0
xas_clear_mark	5.845s	18,736,000,000	19,312,000,000	0.970	64.0%	34.2%	0.0%	4.0%	0.0%	0.0%	0.8%	0.0%	0.0%	0.0%	0.0%	9.2%	3.2 GHz	[Unknown]	xas_clear_mark	[Unknown]	0
process_data_simple_main	5.685s	17,792,000,000	14,368,000,000	1.238	31.1%	15.0%	40.2%	11.0%	2.5%	4.2%	11.0%	0.0%	0.0%	0.0%	11.8%	4.3%	3.1 GHz	[Unknown]	process_data_simple_main	[Unknown]	0
PyBytes_FromStringAndSize	5.600s	16,336,000,000	7,056,000,000	2.315	18.3%	35.3%	3.0%	0.0%	0.0%	0.0%	44.1%	0.0%	0.0%	0.0%	3.7%	9.7%	2.9 GHz	[Unknown]	PyBytes_FromStringAndSize	bytesobject.c	0
memcg_kmem_get_cache	5.585s	18,896,000,000	576,000,000	32.806	2.9%	14.7%	9.3%	0.0%	4.0%	24.1%	54.0%	23.8%	0.0%	0.0%	0.0%	13.5%	3.4 GHz	[Unknown]	memcg_kmem_get_cache	[Unknown]	0
c10::impl::OperatorEntry::lookup	5.545s	22,544,000,000	10,576,000,000	2.132	19.0%	45.8%	28.4%	5.3%	2.0%	41.9%	31.3%	0.0%	0.0%	0.0%	2.0%	2.8%	4.1 GHz	[Unknown]	c10::impl::OperatorEntry::lookup(c10::DispatchKeySet) const	[Unknown]	0
_PyDict_GetItem_KnownHash	5.520s	25,664,000,000	2,480,000,000	10.348	4.4%	25.0%	2.9%	0.0%	0.0%	40.6%	52.0%	12.7%	0.0%	0.0%	2.3%	4.6%	4.6 GHz	[Unknown]	_PyDict_GetItem_KnownHash	dictobject.c	0
pymalloc_free	5.510s	16,688,000,000	6,224,000,000	2.681	20.0%	42.0%	22.7%	18.9%	9.0%	17.7%	44.0%	48.8%	0.0%	0.0%	3.6%	7.4%	3.0 GHz	[Unknown]	pymalloc_free	obmalloc.c	0
kmem_cache_free	5.510s	20,256,000,000	9,056,000,000	2.237	26.6%	25.9%	4.1%	8.9%	2.2%	12.6%	24.4%	0.0%	0.0%	0.0%	17.0%	15.5%	3.7 GHz	[Unknown]	kmem_cache_free	[Unknown]	0
take_gil	5.510s	18,368,000,000	4,496,000,000	4.085	10.0%	63.7%	14.6%	14.7%	6.5%	18.7%	42.5%	8.8%	0.0%	0.0%	0.0%	4.9%	3.3 GHz	[Unknown]	take_gil	ceval_gil.h	0
_PyFrame_New_NoTrack	5.425s	13,616,000,000	6,672,000,000	2.041	16.1%	12.1%	0.0%	20.9%	0.0%	83.7%	59.5%	0.0%	0.0%	0.0%	100.0%	5.8%	2.5 GHz	[Unknown]	_PyFrame_New_NoTrack	frameobject.c	0
get_page_from_freelist	5.385s	23,744,000,000	25,360,000,000	0.936	51.2%	22.6%	7.8%	8.2%	0.0%	3.2%	6.3%	0.0%	0.0%	10.1%	6.3%	9.1%	4.4 GHz	[Unknown]	get_page_from_freelist	[Unknown]	0
generic_file_buffered_read	5.255s	17,728,000,000	3,520,000,000	5.036	15.8%	27.0%	6.0%	49.9%	0.0%	8.5%	11.8%	0.0%	28.4%	0.0%	58.4%	9.4%	3.4 GHz	[Unknown]	generic_file_buffered_read	[Unknown]	0
_raw_spin_lock_irq	5.170s	21,424,000,000	9,088,000,000	2.357	21.9%	49.6%	25.8%	37.1%	0.0%	0.0%	4.9%	0.0%	0.0%	0.0%	0.0%	0.9%	4.1 GHz	[Unknown]	_raw_spin_lock_irq	[Unknown]	0
build_ycc_rgb_table	5.050s	12,176,000,000	5,648,000,000	2.156	10.7%	3.9%	0.0%	0.0%	0.0%	0.0%	2.5%	0.0%	0.0%	0.0%	100.0%	41.5%	2.4 GHz	[Unknown]	build_ycc_rgb_table	[Unknown]	0
ImagingAllocateArray	5.045s	16,064,000,000	35,904,000,000	0.447	73.1%	35.1%	30.3%	6.5%	2.8%	0.9%	14.9%	0.0%	0.0%	0.0%	3.7%	0.0%	3.2 GHz	[Unknown]	ImagingAllocateArray	[Unknown]	0
shmem_add_to_page_cache	5.005s	23,760,000,000	29,440,000,000	0.807	45.3%	25.6%	6.5%	21.5%	1.9%	0.0%	0.0%	0.0%	0.0%	0.0%	1.3%	6.3%	4.7 GHz	[Unknown]	shmem_add_to_page_cache	[Unknown]	0
shmem_fault	5.000s	16,112,000,000	11,904,000,000	1.353	32.0%	39.5%	7.1%	35.4%	1.9%	4.7%	0.9%	0.0%	0.0%	0.0%	2.8%	5.4%	3.2 GHz	[Unknown]	shmem_fault	[Unknown]	0
normalize_coeffs_8bpc	4.990s	12,768,000,000	25,040,000,000	0.510	95.4%	15.7%	0.0%	27.0%	2.3%	0.0%	27.0%	0.0%	0.0%	0.0%	0.0%	0.0%	2.6 GHz	[Unknown]	normalize_coeffs_8bpc	[Unknown]	0
method_vectorcall_NOARGS	4.925s	12,480,000,000	3,840,000,000	3.250	17.3%	60.1%	1.6%	0.0%	24.0%	67.3%	82.9%	0.0%	0.0%	0.0%	9.6%	0.0%	2.5 GHz	[Unknown]	method_vectorcall_NOARGS	descrobject.c	0
__strlen_avx2	4.895s	18,768,000,000	3,056,000,000	6.141	9.9%	43.0%	19.1%	10.4%	0.0%	29.6%	38.4%	0.0%	0.0%	0.0%	1.6%	8.4%	3.8 GHz	[Unknown]	__strlen_avx2	strlen-avx2.S	0
unlock_page	4.790s	15,040,000,000	14,528,000,000	1.035	66.9%	66.0%	0.0%	30.9%	0.0%	0.0%	8.0%	0.0%	0.0%	0.0%	0.0%	0.0%	3.1 GHz	[Unknown]	unlock_page	[Unknown]	0
dev_gro_receive	4.770s	12,304,000,000	18,752,000,000	0.656	67.1%	49.3%	0.0%	17.1%	0.0%	8.5%	12.2%	0.0%	0.0%	0.0%	1.2%	1.5%	2.6 GHz	[Unknown]	dev_gro_receive	[Unknown]	0
task_numa_fault	4.745s	17,472,000,000	20,976,000,000	0.833	33.2%	36.4%	48.9%	17.2%	7.7%	9.4%	37.8%	0.0%	0.0%	0.0%	0.0%	2.0%	3.7 GHz	[Unknown]	task_numa_fault	[Unknown]	0
__memcmp_avx2_movbe	4.745s	16,256,000,000	3,216,000,000	5.055	4.1%	30.2%	15.9%	8.3%	0.0%	1.7%	44.3%	87.3%	0.0%	0.0%	0.0%	14.6%	3.4 GHz	[Unknown]	__memcmp_avx2_movbe	memcmp-avx2-movbe.S	0
mpol_misplaced	4.740s	16,096,000,000	11,072,000,000	1.454	30.8%	43.3%	8.7%	33.5%	4.7%	0.0%	24.2%	0.0%	0.0%	0.0%	0.0%	1.9%	3.4 GHz	[Unknown]	mpol_misplaced	[Unknown]	0
c10::intrusive_ptr<c10::TensorImpl, c10::UndefinedTensorImpl>::reset_	4.530s	12,592,000,000	6,448,000,000	1.953	22.3%	85.2%	3.0%	46.5%	1.2%	9.5%	28.6%	0.0%	0.0%	0.0%	1.2%	5.1%	2.8 GHz	[Unknown]	c10::intrusive_ptr<c10::TensorImpl, c10::UndefinedTensorImpl>::reset_(void)	[Unknown]	0
__set_page_dirty_no_writeback	4.470s	16,000,000,000	19,040,000,000	0.840	52.1%	40.0%	0.0%	15.0%	0.0%	0.0%	5.6%	0.0%	0.0%	0.0%	0.0%	10.9%	3.6 GHz	[Unknown]	__set_page_dirty_no_writeback	[Unknown]	0
down_read_trylock	4.460s	18,512,000,000	24,544,000,000	0.754	78.8%	49.0%	0.0%	32.4%	5.7%	0.0%	10.5%	0.0%	0.0%	0.0%	0.0%	0.0%	4.2 GHz	[Unknown]	down_read_trylock	[Unknown]	0
_PyObject_GC_UNTRACK	4.450s	11,120,000,000	3,616,000,000	3.075	11.6%	56.7%	42.7%	0.0%	8.1%	11.1%	35.1%	0.0%	0.0%	0.0%	8.1%	0.0%	2.5 GHz	[Unknown]	_PyObject_GC_UNTRACK	pycore_object.h	0
vgetargs1_impl	4.400s	14,944,000,000	7,280,000,000	2.053	18.8%	70.9%	22.2%	5.0%	13.0%	22.1%	14.1%	0.0%	0.0%	0.0%	1.0%	0.0%	3.4 GHz	[Unknown]	vgetargs1_impl	getargs.c	0
free_pages_and_swap_cache	4.370s	11,584,000,000	7,712,000,000	1.502	15.2%	10.1%	16.3%	2.6%	3.9%	24.3%	81.6%	16.2%	100.0%	0.0%	0.0%	5.3%	2.7 GHz	[Unknown]	free_pages_and_swap_cache	[Unknown]	0
PyObject_GetItem	4.360s	15,456,000,000	9,200,000,000	1.680	28.1%	30.4%	0.0%	21.4%	3.9%	5.4%	29.1%	0.0%	0.0%	0.0%	8.7%	0.0%	3.5 GHz	[Unknown]	PyObject_GetItem	abstract.c	0
__ptep_modify_prot_start	4.345s	16,896,000,000	14,240,000,000	1.187	53.6%	27.5%	15.3%	39.1%	2.7%	0.0%	21.3%	0.0%	0.0%	0.0%	0.0%	1.3%	3.9 GHz	[Unknown]	__ptep_modify_prot_start	[Unknown]	0
_PyObject_GC_TRACK	4.340s	16,512,000,000	6,848,000,000	2.411	29.0%	43.2%	10.1%	10.0%	0.0%	13.8%	43.6%	75.3%	0.0%	0.0%	8.2%	7.2%	3.8 GHz	[Unknown]	_PyObject_GC_TRACK	pycore_object.h	0
insertdict	4.320s	14,640,000,000	13,632,000,000	1.074	41.2%	46.6%	0.0%	27.7%	0.0%	16.4%	29.7%	0.0%	0.0%	0.0%	5.1%	0.7%	3.4 GHz	[Unknown]	insertdict	dictobject.c	0
_Py_NewReference	4.265s	13,776,000,000	3,856,000,000	3.573	14.0%	56.9%	13.4%	19.6%	3.3%	51.2%	42.5%	12.2%	0.0%	0.0%	21.8%	2.5%	3.2 GHz	[Unknown]	_Py_NewReference	object.c	0
ImagingPaste	4.195s	13,776,000,000	4,528,000,000	3.042	7.4%	9.1%	22.1%	56.6%	18.5%	19.6%	37.0%	0.0%	0.0%	0.0%	53.4%	1.8%	3.3 GHz	[Unknown]	ImagingPaste	[Unknown]	0
__libc_calloc	4.175s	12,464,000,000	3,552,000,000	3.509	7.6%	53.3%	4.8%	37.3%	2.4%	4.0%	24.1%	20.6%	0.0%	0.0%	14.4%	3.8%	3.0 GHz	[Unknown]	__libc_calloc	malloc.c	0
psi_task_change	4.105s	13,120,000,000	3,504,000,000	3.744	19.2%	33.4%	3.0%	0.0%	11.4%	26.3%	41.2%	0.0%	0.0%	0.0%	4.6%	24.2%	3.2 GHz	[Unknown]	psi_task_change	[Unknown]	0
PyType_HasFeature	4.045s	11,312,000,000	5,824,000,000	1.942	14.9%	41.4%	16.0%	0.0%	1.3%	7.6%	35.8%	100.0%	33.9%	0.0%	0.0%	0.0%	2.8 GHz	[Unknown]	PyType_HasFeature	object.h	0
at::TensorIteratorBase::compute_types	4.035s	16,576,000,000	5,040,000,000	3.289	22.2%	58.9%	0.0%	6.3%	0.9%	0.0%	14.5%	0.0%	0.0%	0.0%	0.0%	1.6%	4.1 GHz	[Unknown]	at::TensorIteratorBase::compute_types(at::TensorIteratorConfig const&)	[Unknown]	0
func@0x4e0260	4.015s	12,752,000,000	23,808,000,000	0.536	77.4%	31.0%	0.0%	28.2%	0.0%	0.0%	0.0%	0.0%	0.0%	0.0%	0.0%	21.2%	3.2 GHz	[Unknown]	func@0x4e0260	[Unknown]	0
xas_find_conflict	3.980s	14,464,000,000	19,504,000,000	0.742	44.4%	49.3%	0.0%	12.4%	1.0%	0.0%	1.0%	0.0%	0.0%	0.0%	0.0%	7.1%	3.6 GHz	[Unknown]	xas_find_conflict	[Unknown]	0
iscsi_tcp_segment_done	3.975s	15,152,000,000	3,888,000,000	3.897	10.0%	17.0%	27.4%	14.8%	0.0%	16.8%	38.6%	0.0%	0.0%	0.0%	26.7%	8.0%	3.8 GHz	[Unknown]	iscsi_tcp_segment_done	[Unknown]	0
listiter_next	3.955s	11,568,000,000	560,000,000	20.657	3.2%	24.2%	11.8%	19.5%	0.0%	100.0%	53.2%	0.0%	0.0%	0.0%	0.0%	17.3%	2.9 GHz	[Unknown]	listiter_next	listobject.c	0
fpregs_assert_state_consistent	3.930s	10,400,000,000	7,024,000,000	1.481	25.0%	66.8%	4.2%	51.9%	1.4%	20.2%	26.0%	0.0%	23.5%	0.0%	0.0%	0.0%	2.6 GHz	[Unknown]	fpregs_assert_state_consistent	[Unknown]	0
__fget_light	3.920s	10,048,000,000	2,624,000,000	3.829	15.1%	43.4%	19.1%	62.7%	6.0%	9.3%	31.3%	22.0%	34.1%	0.0%	1.5%	3.1%	2.6 GHz	[Unknown]	__fget_light	[Unknown]	0
unicode_eq	3.905s	12,816,000,000	1,952,000,000	6.566	8.0%	44.6%	10.5%	11.7%	0.0%	14.0%	51.5%	25.2%	0.0%	0.0%	1.2%	0.0%	3.3 GHz	[Unknown]	unicode_eq	eq.h	0
getset_get	3.895s	16,336,000,000	3,456,000,000	4.727	14.1%	41.5%	17.0%	39.5%	0.9%	19.9%	48.7%	55.6%	0.0%	0.0%	0.0%	0.0%	4.2 GHz	[Unknown]	getset_get	descrobject.c	0
[nvidia]	3.840s	10,960,000,000	16,208,000,000	0.676	66.8%	39.7%	0.0%	30.1%	0.0%	27.4%	13.7%	41.1%	63.6%	0.0%	4.1%	0.0%	2.9 GHz	[Unknown]	[nvidia]	[Unknown]	0
_raw_spin_unlock_irqrestore	3.815s	8,752,000,000	10,880,000,000	0.804	41.9%	24.2%	0.0%	25.7%	1.7%	0.0%	5.1%	0.0%	0.0%	0.0%	0.0%	15.9%	2.3 GHz	[Unknown]	_raw_spin_unlock_irqrestore	[Unknown]	0
__errno_location	3.795s	15,408,000,000	1,648,000,000	9.350	11.8%	74.1%	6.3%	0.0%	11.7%	42.8%	45.8%	0.0%	0.0%	0.0%	1.9%	3.2%	4.1 GHz	[Unknown]	__errno_location	errno-loc.c	0
should_numa_migrate_memory	3.785s	13,056,000,000	11,232,000,000	1.162	33.5%	40.5%	25.3%	20.7%	2.3%	9.2%	26.4%	0.0%	0.0%	0.0%	0.0%	0.2%	3.4 GHz	[Unknown]	should_numa_migrate_memory	[Unknown]	0
dict_subscript	3.770s	9,904,000,000	2,112,000,000	4.689	9.9%	52.7%	33.6%	0.0%	16.7%	0.0%	54.5%	0.0%	0.0%	0.0%	3.0%	0.4%	2.6 GHz	[Unknown]	dict_subscript	dictobject.c	0
__d_lookup_rcu	3.690s	13,376,000,000	1,216,000,000	11.000	2.0%	16.4%	9.4%	23.5%	4.5%	18.9%	70.6%	46.6%	36.1%	0.0%	0.0%	12.7%	3.6 GHz	[Unknown]	__d_lookup_rcu	[Unknown]	0
call_function	3.690s	14,112,000,000	10,944,000,000	1.289	39.6%	59.6%	11.4%	18.1%	0.0%	10.8%	34.0%	0.0%	0.0%	0.0%	0.0%	0.0%	3.8 GHz	[Unknown]	call_function	ceval.c	0
PyType_GenericAlloc	3.680s	15,040,000,000	2,592,000,000	5.802	11.6%	34.0%	0.0%	0.0%	1.0%	8.6%	31.9%	0.0%	0.0%	0.0%	0.0%	39.5%	4.1 GHz	[Unknown]	PyType_GenericAlloc	typeobject.c	0
at::TensorIteratorBase::fast_set_up	3.595s	10,272,000,000	3,552,000,000	2.892	16.3%	64.1%	11.3%	24.8%	0.0%	24.8%	17.5%	0.0%	0.0%	0.0%	0.0%	2.7%	2.9 GHz	[Unknown]	at::TensorIteratorBase::fast_set_up(at::TensorIteratorConfig const&)	[Unknown]	0
pmd_devmap_trans_unstable	3.595s	13,904,000,000	22,960,000,000	0.606	61.6%	34.3%	29.2%	21.6%	6.5%	0.0%	5.4%	0.0%	0.0%	0.0%	0.0%	0.0%	3.9 GHz	[Unknown]	pmd_devmap_trans_unstable	[Unknown]	0
tcp_gro_receive	3.590s	8,592,000,000	13,040,000,000	0.659	71.1%	52.7%	31.8%	8.7%	0.0%	0.0%	7.0%	0.0%	0.0%	0.0%	0.0%	0.0%	2.4 GHz	[Unknown]	tcp_gro_receive	[Unknown]	0
_Py_Dealloc	3.585s	11,664,000,000	5,856,000,000	1.992	25.8%	69.7%	29.9%	14.1%	0.0%	7.0%	46.3%	73.1%	0.0%	0.0%	5.1%	0.0%	3.3 GHz	[Unknown]	_Py_Dealloc	object.c	0
mem_cgroup_throttle_swaprate	3.585s	10,864,000,000	4,672,000,000	2.325	22.2%	40.7%	21.0%	29.0%	5.5%	0.0%	0.0%	0.0%	0.0%	0.0%	20.7%	0.0%	3.0 GHz	[Unknown]	mem_cgroup_throttle_swaprate	[Unknown]	0
pybind11::cpp_function::dispatcher	3.555s	11,808,000,000	4,032,000,000	2.929	18.3%	73.6%	0.0%	15.2%	0.0%	43.2%	17.8%	0.0%	0.0%	0.0%	3.8%	0.0%	3.3 GHz	[Unknown]	pybind11::cpp_function::dispatcher(_object*, _object*, _object*)	[Unknown]	0
xas_create	3.525s	11,584,000,000	13,616,000,000	0.851	58.9%	48.7%	0.0%	12.9%	0.0%	0.0%	9.1%	0.0%	0.0%	0.0%	2.6%	0.0%	3.3 GHz	[Unknown]	xas_create	[Unknown]	0
find_vma	3.500s	7,584,000,000	6,480,000,000	1.170	53.8%	42.9%	1.7%	23.7%	0.0%	43.5%	23.7%	0.0%	0.0%	0.0%	0.0%	0.5%	2.2 GHz	[Unknown]	find_vma	[Unknown]	0
shmem_alloc_and_acct_page	3.495s	10,992,000,000	16,912,000,000	0.650	52.7%	19.8%	0.0%	32.8%	6.8%	1.4%	0.0%	0.0%	0.0%	0.0%	19.1%	11.8%	3.1 GHz	[Unknown]	shmem_alloc_and_acct_page	[Unknown]	0
mem_cgroup_from_task	3.480s	12,192,000,000	11,856,000,000	1.028	40.7%	31.5%	5.2%	38.1%	13.5%	3.7%	14.8%	0.0%	0.0%	0.0%	0.0%	9.4%	3.5 GHz	[Unknown]	mem_cgroup_from_task	[Unknown]	0
alloc_perturb	3.425s	10,976,000,000	160,000,000	68.600	2.5%	12.3%	0.0%	0.0%	10.9%	0.0%	43.7%	0.0%	0.0%	0.0%	0.0%	8.1%	3.2 GHz	[Unknown]	alloc_perturb	malloc.c	0
_Py_XDECREF	3.415s	11,472,000,000	4,000,000,000	2.868	14.7%	36.2%	3.4%	20.9%	15.7%	0.0%	37.9%	0.0%	0.0%	0.0%	3.9%	6.1%	3.4 GHz	[Unknown]	_Py_XDECREF	object.h	0
find_get_entry	3.390s	12,400,000,000	8,832,000,000	1.404	28.5%	27.1%	3.7%	30.2%	0.0%	52.0%	29.0%	26.7%	20.7%	0.0%	23.0%	4.1%	3.7 GHz	[Unknown]	find_get_entry	[Unknown]	0
pagevec_lru_move_fn	3.385s	13,952,000,000	10,960,000,000	1.273	49.2%	28.2%	0.0%	11.8%	0.0%	15.1%	11.8%	0.0%	0.0%	0.0%	2.2%	14.4%	4.1 GHz	[Unknown]	pagevec_lru_move_fn	[Unknown]	0
percpu_counter_add_batch	3.365s	14,032,000,000	16,064,000,000	0.874	66.7%	38.5%	0.0%	4.3%	12.8%	13.9%	5.3%	0.0%	0.0%	0.0%	1.1%	0.0%	4.2 GHz	[Unknown]	percpu_counter_add_batch	[Unknown]	0
PyLong_FromLong	3.290s	10,032,000,000	6,464,000,000	1.552	31.2%	35.1%	0.0%	4.5%	0.0%	0.0%	40.4%	0.0%	0.0%	0.0%	12.0%	0.0%	3.0 GHz	[Unknown]	PyLong_FromLong	longobject.c	0
amd_clear_divider	3.275s	10,720,000,000	336,000,000	31.905	19.1%	41.2%	0.0%	0.0%	0.0%	0.0%	14.0%	0.0%	0.0%	0.0%	0.0%	56.4%	3.3 GHz	[Unknown]	amd_clear_divider	[Unknown]	0
PyUnicode_InternInPlace	3.260s	11,376,000,000	1,952,000,000	5.828	13.3%	9.8%	0.0%	0.0%	0.0%	14.5%	67.2%	97.0%	0.0%	0.0%	10.5%	11.8%	3.5 GHz	[Unknown]	PyUnicode_InternInPlace	unicodeobject.c	0
tupleiter_next	3.260s	7,728,000,000	5,328,000,000	1.450	60.9%	26.6%	0.0%	38.8%	11.6%	0.0%	44.6%	19.4%	0.0%	0.0%	11.6%	9.3%	2.4 GHz	[Unknown]	tupleiter_next	tupleobject.c	0
_PyObject_LookupAttr	3.260s	11,136,000,000	2,528,000,000	4.405	6.5%	18.8%	28.2%	14.8%	0.0%	16.2%	59.3%	28.7%	0.0%	0.0%	0.0%	16.2%	3.4 GHz	[Unknown]	_PyObject_LookupAttr	object.c	0
activate_page	3.250s	12,816,000,000	17,616,000,000	0.728	40.4%	13.7%	2.5%	5.9%	2.3%	0.0%	4.7%	0.0%	0.0%	0.0%	0.0%	21.7%	3.9 GHz	[Unknown]	activate_page	[Unknown]	0
omp_get_max_threads	3.245s	6,656,000,000	736,000,000	9.043	0.0%	46.9%	1.0%	20.3%	11.3%	41.2%	36.1%	22.5%	0.0%	0.0%	11.3%	0.0%	2.1 GHz	[Unknown]	omp_get_max_threads	[Unknown]	0
at::detail::_empty_generic<long>	3.195s	9,424,000,000	7,280,000,000	1.295	43.6%	84.5%	14.5%	30.2%	6.4%	23.9%	25.5%	0.0%	0.0%	0.0%	1.6%	0.0%	2.9 GHz	[Unknown]	at::detail::_empty_generic<long>(c10::ArrayRef<long>, c10::Allocator*, c10::DispatchKeySet, c10::ScalarType, c10::optional<c10::MemoryFormat>)	[Unknown]	0
_PyObject_MakeTpCall	3.170s	8,000,000,000	3,392,000,000	2.358	19.2%	60.0%	9.6%	9.4%	0.0%	8.9%	37.5%	40.2%	0.0%	0.0%	3.8%	0.9%	2.5 GHz	[Unknown]	_PyObject_MakeTpCall	call.c	0
slot_tp_getattr_hook	3.160s	10,688,000,000	8,400,000,000	1.272	26.1%	34.8%	5.2%	0.0%	16.8%	13.5%	25.3%	16.8%	0.0%	0.0%	5.6%	16.4%	3.4 GHz	[Unknown]	slot_tp_getattr_hook	typeobject.c	0
shmem_pseudo_vma_init	3.120s	16,480,000,000	13,504,000,000	1.220	51.8%	30.4%	0.0%	0.0%	0.0%	0.0%	1.8%	0.0%	0.0%	0.0%	11.8%	15.8%	5.3 GHz	[Unknown]	shmem_pseudo_vma_init	[Unknown]	0
get_filter	3.080s	7,088,000,000	1,008,000,000	7.032	2.9%	10.7%	30.0%	16.9%	0.0%	47.7%	100.0%	100.0%	0.0%	0.0%	40.2%	10.7%	2.3 GHz	[Unknown]	get_filter	_warnings.c	0
insert_to_usedpool	3.075s	7,120,000,000	1,104,000,000	6.449	12.6%	75.7%	16.5%	0.0%	14.7%	25.3%	40.0%	22.2%	0.0%	0.0%	4.2%	0.0%	2.3 GHz	[Unknown]	insert_to_usedpool	obmalloc.c	0
__pthread_cond_signal	3.055s	8,800,000,000	5,072,000,000	1.735	3.6%	72.1%	26.2%	5.1%	8.5%	0.0%	29.0%	0.0%	0.0%	0.0%	0.0%	0.0%	2.9 GHz	[Unknown]	__pthread_cond_signal	pthread_cond_signal.c	0
update_curr	3.010s	5,968,000,000	1,136,000,000	5.254	2.1%	57.7%	29.9%	20.1%	0.0%	29.1%	37.7%	100.0%	0.0%	0.0%	7.5%	0.7%	2.0 GHz	[Unknown]	update_curr	[Unknown]	0
do_fault	3.005s	8,704,000,000	9,056,000,000	0.961	39.6%	47.0%	11.2%	22.4%	0.0%	6.9%	1.7%	0.0%	0.0%	0.0%	0.0%	1.2%	2.9 GHz	[Unknown]	do_fault	[Unknown]	0
bilinear_filter	2.980s	8,880,000,000	13,008,000,000	0.683	72.2%	14.2%	12.7%	18.6%	0.0%	0.0%	15.2%	0.0%	0.0%	0.0%	8.4%	0.0%	3.0 GHz	[Unknown]	bilinear_filter	[Unknown]	0
convertsimple	2.965s	8,064,000,000	3,088,000,000	2.611	12.8%	67.1%	59.6%	9.3%	0.0%	26.0%	44.6%	0.0%	0.0%	0.0%	1.9%	0.0%	2.7 GHz	[Unknown]	convertsimple	getargs.c	0
trace_iscsi_dbg_tcp	2.945s	6,112,000,000	8,208,000,000	0.745	40.3%	46.6%	0.0%	39.3%	2.5%	0.0%	14.7%	0.0%	0.0%	0.0%	0.0%	0.0%	2.1 GHz	[Unknown]	trace_iscsi_dbg_tcp	[Unknown]	0
_cond_resched	2.930s	6,384,000,000	7,248,000,000	0.881	57.2%	55.4%	5.4%	0.0%	4.7%	0.0%	23.5%	0.0%	0.0%	0.0%	0.0%	0.0%	2.2 GHz	[Unknown]	_cond_resched	[Unknown]	0
object_dealloc	2.925s	8,768,000,000	2,608,000,000	3.362	11.8%	55.9%	53.7%	20.5%	0.0%	77.0%	49.6%	25.7%	0.0%	0.0%	0.0%	0.0%	3.0 GHz	[Unknown]	object_dealloc	typeobject.c	0
shmem_undo_range	2.910s	12,288,000,000	5,104,000,000	2.408	27.8%	51.4%	28.8%	29.3%	0.0%	0.0%	1.2%	0.0%	0.0%	0.0%	1.2%	0.0%	4.2 GHz	[Unknown]	shmem_undo_range	[Unknown]	0
_PyType_GetModuleByDef	2.895s	6,848,000,000	9,120,000,000	0.751	37.4%	68.2%	3.7%	21.9%	13.1%	54.8%	48.2%	25.3%	0.0%	0.0%	26.3%	0.0%	2.4 GHz	[Unknown]	_PyType_GetModuleByDef	typeobject.c	0
_PyDict_GetItemHint	2.885s	7,568,000,000	784,000,000	9.653	5.9%	27.0%	0.0%	0.0%	0.0%	100.0%	57.5%	100.0%	0.0%	0.0%	5.9%	2.7%	2.6 GHz	[Unknown]	_PyDict_GetItemHint	dictobject.c	0
unicode_dealloc	2.880s	8,128,000,000	1,632,000,000	4.980	13.9%	100.0%	23.2%	22.1%	3.7%	36.9%	60.9%	60.9%	0.0%	0.0%	7.4%	14.5%	2.8 GHz	[Unknown]	unicode_dealloc	unicodeobject.c	0
at::native::_to_copy	2.870s	7,360,000,000	2,512,000,000	2.930	7.5%	100.0%	9.1%	0.0%	0.0%	0.0%	34.6%	0.0%	0.0%	0.0%	0.0%	0.0%	2.6 GHz	[Unknown]	at::native::_to_copy(at::Tensor const&, c10::optional<c10::ScalarType>, c10::optional<c10::Layout>, c10::optional<c10::Device>, c10::optional<bool>, bool, c10::optional<c10::MemoryFormat>)	[Unknown]	0
free_unref_page_prepare.part.0	2.865s	10,112,000,000	10,512,000,000	0.962	37.6%	24.8%	28.2%	25.2%	5.9%	17.8%	0.0%	0.0%	0.0%	0.0%	0.0%	2.2%	3.5 GHz	[Unknown]	free_unref_page_prepare.part.0	[Unknown]	0
mem_cgroup_update_lru_size	2.855s	11,168,000,000	12,944,000,000	0.863	60.1%	7.7%	0.0%	0.0%	2.7%	0.0%	6.7%	0.0%	0.0%	0.0%	1.3%	27.0%	3.9 GHz	[Unknown]	mem_cgroup_update_lru_size	[Unknown]	0
find_name_in_mro	2.850s	7,136,000,000	1,392,000,000	5.126	17.8%	85.6%	25.9%	0.0%	0.0%	28.3%	67.3%	55.0%	0.0%	0.0%	0.0%	0.0%	2.5 GHz	[Unknown]	find_name_in_mro	typeobject.c	0
ext4_mpage_readpages	2.845s	8,816,000,000	8,784,000,000	1.004	21.2%	68.0%	7.3%	3.4%	0.0%	5.1%	27.2%	0.0%	0.0%	0.0%	0.0%	2.7%	3.1 GHz	[Unknown]	ext4_mpage_readpages	[Unknown]	0
ixgbe_clean_tx_irq	2.820s	8,976,000,000	1,520,000,000	5.905	16.8%	26.6%	0.0%	23.4%	0.0%	12.3%	30.1%	41.5%	0.0%	41.5%	5.0%	20.4%	3.2 GHz	[Unknown]	ixgbe_clean_tx_irq	[Unknown]	0
lookdict	2.805s	9,952,000,000	4,240,000,000	2.347	21.1%	25.2%	0.0%	48.2%	3.0%	4.3%	34.7%	51.7%	0.0%	0.0%	4.5%	0.0%	3.5 GHz	[Unknown]	lookdict	dictobject.c	0
__tls_get_addr_slow	2.785s	7,184,000,000	7,152,000,000	1.004	30.9%	77.2%	36.3%	31.3%	0.0%	8.4%	23.0%	0.0%	0.0%	0.0%	2.1%	22.2%	2.6 GHz	[Unknown]	__tls_get_addr_slow	dl-tls.c	0
c10::TensorImpl::TensorImpl	2.760s	8,688,000,000	3,856,000,000	2.253	28.5%	62.8%	8.2%	20.7%	3.5%	50.1%	34.5%	0.0%	0.0%	0.0%	25.9%	0.0%	3.1 GHz	[Unknown]	c10::TensorImpl::TensorImpl(c10::Storage&&, c10::DispatchKeySet, caffe2::TypeMeta, c10::optional<c10::Device>)	[Unknown]	0
stringlib_split_whitespace	2.735s	9,696,000,000	11,440,000,000	0.848	56.8%	15.5%	15.5%	13.9%	4.6%	0.0%	27.8%	0.0%	0.0%	0.0%	4.6%	4.6%	3.5 GHz	[Unknown]	stringlib_split_whitespace	split.h	0
at::getStepCallbacksUnlessEmpty	2.730s	12,752,000,000	8,752,000,000	1.457	18.4%	38.9%	8.7%	0.0%	4.7%	7.7%	21.2%	0.0%	0.0%	0.0%	2.4%	6.5%	4.7 GHz	[Unknown]	at::getStepCallbacksUnlessEmpty(at::RecordScope)	[Unknown]	0
THPVariable_subclass_dealloc	2.725s	9,008,000,000	2,608,000,000	3.454	10.2%	72.6%	6.8%	0.0%	8.3%	45.0%	15.0%	0.0%	0.0%	0.0%	1.7%	3.4%	3.3 GHz	[Unknown]	THPVariable_subclass_dealloc(_object*)	[Unknown]	0
unaccount_page_cache_page	2.695s	7,856,000,000	10,672,000,000	0.736	79.6%	36.0%	0.0%	36.3%	1.9%	0.0%	1.9%	0.0%	0.0%	0.0%	0.0%	7.5%	2.9 GHz	[Unknown]	unaccount_page_cache_page	[Unknown]	0
at::TensorIteratorBase::build	2.645s	6,368,000,000	3,584,000,000	1.777	23.2%	93.7%	35.8%	18.8%	0.0%	16.5%	37.7%	0.0%	0.0%	0.0%	0.0%	0.0%	2.4 GHz	[Unknown]	at::TensorIteratorBase::build(at::TensorIteratorConfig&)	[Unknown]	0
_PyUnicode_JoinArray	2.640s	8,032,000,000	3,728,000,000	2.155	28.7%	34.6%	13.5%	0.0%	0.0%	16.1%	41.1%	56.0%	0.0%	0.0%	0.0%	10.1%	3.0 GHz	[Unknown]	_PyUnicode_JoinArray	unicodeobject.c	0
truncate_cleanup_page	2.635s	6,880,000,000	5,424,000,000	1.268	41.4%	61.0%	0.0%	41.4%	0.0%	0.0%	0.0%	0.0%	0.0%	0.0%	0.0%	2.2%	2.6 GHz	[Unknown]	truncate_cleanup_page	[Unknown]	0
PageHuge	2.590s	6,880,000,000	8,272,000,000	0.832	57.6%	43.7%	12.9%	26.2%	4.4%	0.0%	4.4%	0.0%	0.0%	0.0%	0.0%	10.7%	2.7 GHz	[Unknown]	PageHuge	[Unknown]	0
at::native::copy_impl	2.585s	8,352,000,000	2,752,000,000	3.035	7.4%	98.2%	32.0%	44.9%	0.0%	26.9%	41.3%	0.0%	0.0%	0.0%	0.0%	47.1%	3.2 GHz	[Unknown]	at::native::copy_impl(at::Tensor&, at::Tensor const&, bool)	[Unknown]	0
get_task_policy.part.0	2.580s	6,720,000,000	12,416,000,000	0.541	85.0%	93.0%	0.0%	4.5%	6.7%	0.0%	29.0%	0.0%	0.0%	0.0%	0.0%	0.0%	2.6 GHz	[Unknown]	get_task_policy.part.0	[Unknown]	0
_PyIndex_Check	2.580s	7,264,000,000	4,416,000,000	1.645	23.3%	53.2%	10.8%	0.0%	16.5%	39.2%	51.6%	45.1%	0.0%	0.0%	2.1%	4.3%	2.8 GHz	[Unknown]	_PyIndex_Check	pycore_abstract.h	0
do_page_fault	2.565s	6,816,000,000	3,728,000,000	1.828	100.0%	65.0%	0.0%	50.6%	2.2%	0.0%	15.4%	0.0%	0.0%	0.0%	4.4%	0.0%	2.7 GHz	[Unknown]	do_page_fault	[Unknown]	0
cap_vm_enough_memory	2.565s	8,512,000,000	8,016,000,000	1.062	29.6%	41.2%	6.5%	22.9%	3.5%	0.0%	0.0%	0.0%	0.0%	0.0%	0.0%	16.9%	3.3 GHz	[Unknown]	cap_vm_enough_memory	[Unknown]	0
page_cpupid_xchg_last	2.545s	11,072,000,000	14,960,000,000	0.740	77.6%	36.7%	0.0%	25.7%	8.1%	0.0%	37.9%	0.0%	0.0%	0.0%	0.0%	0.0%	4.4 GHz	[Unknown]	page_cpupid_xchg_last	[Unknown]	0
cfunction_call	2.530s	9,600,000,000	2,160,000,000	4.444	11.5%	76.1%	0.0%	34.4%	9.4%	9.8%	23.4%	0.0%	0.0%	0.0%	6.3%	0.0%	3.8 GHz	[Unknown]	cfunction_call	methodobject.c	0
irq_entries_start	2.525s	8,928,000,000	176,000,000	50.727	7.0%	12.5%	15.6%	0.0%	11.8%	0.0%	16.8%	0.0%	0.0%	0.0%	1.7%	0.0%	3.5 GHz	[Unknown]	irq_entries_start	[Unknown]	0
fault_dirty_shared_page	2.510s	12,672,000,000	12,960,000,000	0.978	41.2%	36.8%	0.0%	26.0%	0.0%	0.0%	0.0%	0.0%	0.0%	0.0%	0.0%	13.8%	5.0 GHz	[Unknown]	fault_dirty_shared_page	[Unknown]	0
_PyObject_LookupSpecial	2.500s	7,792,000,000	592,000,000	13.162	6.5%	46.6%	1.6%	0.0%	0.0%	8.2%	44.3%	90.4%	0.0%	0.0%	0.0%	9.8%	3.1 GHz	[Unknown]	_PyObject_LookupSpecial	typeobject.c	0
file_update_time	2.490s	7,328,000,000	9,440,000,000	0.776	31.5%	59.4%	25.4%	34.8%	4.1%	4.1%	0.0%	20.5%	0.0%	0.0%	0.0%	0.0%	2.9 GHz	[Unknown]	file_update_time	[Unknown]	0
update_load_avg	2.480s	9,008,000,000	2,496,000,000	3.609	7.9%	51.0%	10.2%	1.7%	0.0%	9.5%	40.0%	0.0%	25.8%	0.0%	6.7%	6.3%	3.6 GHz	[Unknown]	update_load_avg	[Unknown]	0
PyDict_SetItem	2.475s	5,904,000,000	3,648,000,000	1.618	3.3%	37.2%	21.9%	0.0%	0.0%	8.4%	68.6%	100.0%	0.0%	0.0%	7.6%	8.4%	2.4 GHz	[Unknown]	PyDict_SetItem	dictobject.c	0
func_descr_get	2.475s	7,296,000,000	4,384,000,000	1.664	15.5%	29.2%	37.0%	6.2%	8.2%	35.0%	30.8%	0.0%	0.0%	0.0%	4.1%	10.2%	2.9 GHz	[Unknown]	func_descr_get	_functoolsmodule.c	0
method_get	2.460s	4,368,000,000	1,232,000,000	3.545	6.3%	74.2%	19.0%	3.4%	34.3%	48.1%	58.4%	54.9%	0.0%	0.0%	3.4%	0.0%	1.8 GHz	[Unknown]	method_get	descrobject.c	0
interrupt_entry	2.405s	8,288,000,000	400,000,000	20.720	4.6%	24.7%	23.9%	29.0%	0.0%	0.0%	36.2%	0.0%	0.0%	0.0%	10.9%	0.0%	3.4 GHz	[Unknown]	interrupt_entry	[Unknown]	0
xas_init_marks	2.375s	8,960,000,000	13,984,000,000	0.641	59.1%	35.6%	0.0%	8.4%	0.0%	0.0%	0.0%	0.0%	0.0%	0.0%	0.0%	7.6%	3.8 GHz	[Unknown]	xas_init_marks	[Unknown]	0
std::_Hashtable<std::type_index, std::pair<std::type_index const, pybind11::detail::type_info*>, std::allocator<std::pair<std::type_index const, pybind11::detail::type_info*>>, std::__detail::_Select1st, std::equal_to<std::type_index>, std::hash<std::type_index>, std::__detail::_Mod_range_hashing, std::__detail::_Default_ranged_hash, std::__detail::_Prime_rehash_policy, std::__detail::_Hashtable_traits<(bool)0, (bool)0, (bool)1>>::_M_find_before_node	2.370s	1,568,000,000	304,000,000	5.158	8.9%	100.0%	0.0%	95.7%	0.0%	100.0%	76.5%	0.0%	0.0%	0.0%	0.0%	22.1%	661.6 MHz	[Unknown]	std::_Hashtable<std::type_index, std::pair<std::type_index const, pybind11::detail::type_info*>, std::allocator<std::pair<std::type_index const, pybind11::detail::type_info*>>, std::__detail::_Select1st, std::equal_to<std::type_index>, std::hash<std::type_index>, std::__detail::_Mod_range_hashing, std::__detail::_Default_ranged_hash, std::__detail::_Prime_rehash_policy, std::__detail::_Hashtable_traits<(bool)0, (bool)0, (bool)1>>::_M_find_before_node(unsigned long, std::type_index const&, unsigned long) const	[Unknown]	0
long_to_decimal_string_internal	2.360s	9,904,000,000	5,024,000,000	1.971	37.7%	70.2%	11.8%	0.0%	4.5%	7.6%	30.3%	15.1%	0.0%	0.0%	0.0%	0.0%	4.2 GHz	[Unknown]	long_to_decimal_string_internal	longobject.c	0
eth_type_trans	2.350s	5,408,000,000	4,464,000,000	1.211	27.6%	32.1%	1.8%	8.3%	5.5%	2.8%	8.3%	0.0%	0.0%	0.0%	61.0%	18.5%	2.3 GHz	[Unknown]	eth_type_trans	[Unknown]	0
__lru_cache_add	2.345s	10,624,000,000	8,112,000,000	1.310	38.3%	32.9%	0.0%	43.8%	0.0%	0.0%	5.6%	0.0%	0.0%	0.0%	0.0%	13.2%	4.5 GHz	[Unknown]	__lru_cache_add	[Unknown]	0
tuple_alloc	2.340s	12,976,000,000	2,640,000,000	4.915	15.3%	37.0%	7.4%	4.6%	19.7%	10.0%	45.1%	12.0%	0.0%	0.0%	2.3%	0.0%	5.5 GHz	[Unknown]	tuple_alloc	tupleobject.c	0
num_to_str	2.335s	7,280,000,000	10,752,000,000	0.677	32.5%	38.8%	60.4%	18.5%	0.0%	0.0%	30.9%	0.0%	0.0%	0.0%	0.0%	0.0%	3.1 GHz	[Unknown]	num_to_str	[Unknown]	0
inet_gro_receive	2.335s	8,048,000,000	12,448,000,000	0.647	44.4%	29.9%	12.8%	5.6%	3.7%	1.9%	14.9%	0.0%	0.0%	0.0%	0.0%	12.9%	3.4 GHz	[Unknown]	inet_gro_receive	[Unknown]	0
alloc_pages_vma	2.320s	8,544,000,000	10,208,000,000	0.837	62.9%	37.1%	0.0%	21.1%	3.5%	0.0%	1.8%	0.0%	0.0%	0.0%	15.8%	8.5%	3.7 GHz	[Unknown]	alloc_pages_vma	[Unknown]	0
__x86_indirect_thunk_rax	2.320s	6,528,000,000	8,752,000,000	0.746	71.6%	57.1%	0.0%	9.2%	4.6%	0.0%	20.7%	0.0%	0.0%	0.0%	13.8%	8.2%	2.8 GHz	[Unknown]	__x86_indirect_thunk_rax	[Unknown]	0
mem_cgroup_charge_statistics	2.320s	5,984,000,000	14,224,000,000	0.421	87.1%	42.4%	0.0%	30.1%	2.5%	5.0%	0.0%	0.0%	0.0%	0.0%	0.0%	0.0%	2.6 GHz	[Unknown]	mem_cgroup_charge_statistics	[Unknown]	0
page_counter_try_charge	2.315s	10,496,000,000	1,344,000,000	7.810	4.0%	15.4%	0.0%	40.0%	0.0%	21.4%	8.6%	0.0%	0.0%	0.0%	2.9%	33.9%	4.5 GHz	[Unknown]	page_counter_try_charge	[Unknown]	0
pybind11::detail::get_internals	2.310s	7,888,000,000	1,808,000,000	4.363	14.3%	57.0%	4.0%	0.0%	0.0%	32.3%	15.2%	0.0%	0.0%	0.0%	0.0%	7.1%	3.4 GHz	[Unknown]	pybind11::detail::get_internals(void)	[Unknown]	0
c10::computeDispatchKey	2.310s	7,360,000,000	864,000,000	8.519	0.0%	66.8%	18.8%	0.0%	0.0%	38.7%	22.4%	0.0%	0.0%	0.0%	2.0%	7.5%	3.2 GHz	[Unknown]	c10::computeDispatchKey(c10::optional<c10::ScalarType>, c10::optional<c10::Layout>, c10::optional<c10::Device>)	[Unknown]	0
PyObject_Malloc	2.300s	8,752,000,000	4,576,000,000	1.913	4.1%	70.5%	11.3%	10.3%	0.0%	37.7%	65.1%	0.0%	0.0%	0.0%	3.4%	5.6%	3.8 GHz	[Unknown]	PyObject_Malloc	obmalloc.c	0
__cancel_dirty_page	2.285s	7,936,000,000	14,352,000,000	0.553	93.8%	64.7%	0.0%	35.9%	0.0%	0.0%	0.0%	0.0%	0.0%	0.0%	0.0%	0.0%	3.5 GHz	[Unknown]	__cancel_dirty_page	[Unknown]	0
__schedule	2.280s	8,432,000,000	736,000,000	11.457	9.5%	56.0%	9.5%	23.1%	0.0%	49.8%	40.9%	0.0%	0.0%	0.0%	7.1%	0.0%	3.7 GHz	[Unknown]	__schedule	[Unknown]	0
scsi_queue_rq	2.275s	11,120,000,000	368,000,000	30.217	0.0%	30.0%	4.7%	21.6%	13.5%	16.2%	31.0%	0.0%	0.0%	0.0%	16.2%	0.0%	4.9 GHz	[Unknown]	scsi_queue_rq	[Unknown]	0
ixgbe_process_skb_fields	2.270s	6,336,000,000	5,504,000,000	1.151	20.7%	36.5%	52.3%	18.9%	0.0%	9.5%	11.8%	0.0%	0.0%	0.0%	9.5%	0.0%	2.8 GHz	[Unknown]	ixgbe_process_skb_fields	[Unknown]	0
ktime_get	2.265s	6,112,000,000	1,552,000,000	3.938	6.6%	23.2%	22.1%	14.7%	0.0%	34.4%	14.7%	0.0%	0.0%	0.0%	2.5%	35.1%	2.7 GHz	[Unknown]	ktime_get	[Unknown]	0
set_page_dirty	2.250s	7,328,000,000	9,856,000,000	0.744	26.2%	40.2%	1.7%	22.5%	0.0%	0.0%	0.0%	0.0%	0.0%	0.0%	0.0%	24.4%	3.3 GHz	[Unknown]	set_page_dirty	[Unknown]	0
unicode_decode_utf8	2.215s	5,872,000,000	2,672,000,000	2.198	4.7%	41.5%	10.7%	2.6%	0.0%	0.0%	23.0%	0.0%	0.0%	0.0%	10.2%	11.7%	2.7 GHz	[Unknown]	unicode_decode_utf8	unicodeobject.c	0
at::empty	2.210s	4,368,000,000	1,440,000,000	3.033	2.7%	85.5%	20.0%	0.0%	0.0%	0.0%	41.2%	0.0%	0.0%	0.0%	0.0%	0.0%	2.0 GHz	[Unknown]	at::empty(c10::ArrayRef<long>, c10::TensorOptions, c10::optional<c10::MemoryFormat>)	[Unknown]	0
subtype_dealloc	2.180s	4,608,000,000	1,472,000,000	3.130	10.9%	44.7%	32.6%	74.9%	0.0%	5.2%	100.0%	38.5%	0.0%	0.0%	3.3%	0.0%	2.1 GHz	[Unknown]	subtype_dealloc	typeobject.c	0
fsnotify	2.170s	7,504,000,000	1,920,000,000	3.908	9.4%	40.9%	0.0%	18.0%	0.0%	5.6%	26.0%	100.0%	0.0%	0.0%	6.0%	4.5%	3.5 GHz	[Unknown]	fsnotify	[Unknown]	0
binary_op1	2.170s	6,928,000,000	1,696,000,000	4.085	23.4%	77.4%	13.2%	2.2%	0.0%	13.7%	28.1%	26.2%	0.0%	0.0%	0.0%	0.0%	3.2 GHz	[Unknown]	binary_op1	abstract.c	0
__delete_from_page_cache	2.165s	8,992,000,000	12,544,000,000	0.717	64.3%	52.5%	0.0%	20.0%	0.0%	0.0%	0.0%	0.0%	0.0%	0.0%	0.0%	0.0%	4.2 GHz	[Unknown]	__delete_from_page_cache	[Unknown]	0
lookup_maybe_method	2.160s	7,024,000,000	176,000,000	39.909	0.0%	23.6%	2.7%	0.0%	0.0%	3.0%	72.6%	100.0%	0.0%	0.0%	25.6%	23.6%	3.3 GHz	[Unknown]	lookup_maybe_method	typeobject.c	0
mem_cgroup_commit_charge	2.150s	6,384,000,000	11,920,000,000	0.536	77.7%	46.4%	7.6%	28.2%	11.7%	0.0%	2.3%	0.0%	0.0%	0.0%	0.0%	0.0%	3.0 GHz	[Unknown]	mem_cgroup_commit_charge	[Unknown]	0
hrtimer_interrupt	2.145s	4,112,000,000	32,000,000	128.500	12.8%	91.2%	0.0%	0.0%	21.9%	0.0%	65.7%	36.5%	0.0%	0.0%	32.8%	0.1%	1.9 GHz	[Unknown]	hrtimer_interrupt	[Unknown]	0
func@0x368860	2.125s	7,632,000,000	12,160,000,000	0.628	49.8%	30.6%	0.0%	23.6%	0.0%	0.0%	0.0%	0.0%	0.0%	0.0%	0.0%	22.8%	3.6 GHz	[Unknown]	func@0x368860	[Unknown]	0
PyUnicode_AsUTF8AndSize	2.080s	5,760,000,000	560,000,000	10.286	5.9%	63.3%	11.7%	0.0%	5.2%	0.0%	49.5%	52.1%	0.0%	0.0%	0.0%	5.7%	2.8 GHz	[Unknown]	PyUnicode_AsUTF8AndSize	typeobject.c	0
_PyObject_IS_GC	2.075s	6,208,000,000	2,736,000,000	2.269	24.7%	39.7%	0.0%	31.4%	0.0%	46.2%	48.3%	0.0%	0.0%	0.0%	0.0%	9.6%	3.0 GHz	[Unknown]	_PyObject_IS_GC	pycore_object.h	0
PyDict_GetItem	2.075s	7,024,000,000	1,072,000,000	6.552	16.1%	35.8%	5.4%	0.0%	29.9%	1.8%	29.9%	96.1%	0.0%	0.0%	0.0%	8.8%	3.4 GHz	[Unknown]	PyDict_GetItem	dictobject.c	0
mem_cgroup_page_lruvec	2.070s	5,376,000,000	6,224,000,000	0.864	64.1%	77.4%	10.7%	19.5%	8.4%	0.9%	5.6%	0.0%	0.0%	0.0%	2.8%	0.0%	2.6 GHz	[Unknown]	mem_cgroup_page_lruvec	[Unknown]	0
dict_dealloc	2.055s	8,976,000,000	3,104,000,000	2.892	8.7%	58.0%	21.8%	3.3%	21.7%	31.8%	33.4%	0.0%	0.0%	0.0%	5.0%	0.9%	4.4 GHz	[Unknown]	dict_dealloc	dictobject.c	0
unicode_fromformat_arg	2.050s	5,200,000,000	3,312,000,000	1.570	8.7%	77.9%	34.6%	0.0%	2.9%	34.6%	49.0%	0.0%	0.0%	0.0%	0.0%	21.2%	2.5 GHz	[Unknown]	unicode_fromformat_arg	unicodeobject.c	0
at::native::DispatchStubImpl::get_call_ptr	2.045s	6,720,000,000	48,000,000	140.000	3.9%	100.0%	6.9%	0.0%	0.0%	96.0%	33.5%	28.7%	0.0%	0.0%	0.0%	9.6%	3.3 GHz	[Unknown]	at::native::DispatchStubImpl::get_call_ptr(c10::DeviceType, void*, void*, void*)	[Unknown]	0
__do_page_cache_readahead	2.035s	4,944,000,000	1,712,000,000	2.888	12.0%	14.4%	4.8%	60.7%	0.0%	0.0%	30.3%	0.0%	0.0%	0.0%	85.0%	16.1%	2.4 GHz	[Unknown]	__do_page_cache_readahead	[Unknown]	0
free_unref_page_commit	2.030s	4,912,000,000	9,264,000,000	0.530	62.6%	26.0%	45.8%	21.4%	0.0%	0.0%	3.1%	0.0%	0.0%	0.0%	0.0%	0.0%	2.4 GHz	[Unknown]	free_unref_page_commit	[Unknown]	0
__strcmp_avx2	2.025s	6,496,000,000	1,664,000,000	3.904	15.2%	68.6%	26.1%	4.6%	0.0%	43.9%	36.9%	0.0%	0.0%	0.0%	0.0%	0.0%	3.2 GHz	[Unknown]	__strcmp_avx2	strcmp-avx2.S	0
long_richcompare	2.010s	5,616,000,000	4,080,000,000	1.376	33.7%	43.7%	11.2%	13.4%	0.0%	29.4%	26.7%	0.0%	0.0%	0.0%	0.0%	0.0%	2.8 GHz	[Unknown]	long_richcompare	longobject.c	0
inode_permission	1.960s	5,856,000,000	3,056,000,000	1.916	7.7%	53.8%	0.0%	12.8%	12.8%	14.9%	56.4%	0.0%	0.0%	0.0%	0.0%	10.7%	3.0 GHz	[Unknown]	inode_permission	[Unknown]	0
torch::FunctionParameter::check	1.955s	6,640,000,000	4,144,000,000	1.602	8.4%	50.5%	17.9%	6.8%	0.0%	7.5%	29.4%	0.0%	0.0%	0.0%	0.0%	8.4%	3.4 GHz	[Unknown]	torch::FunctionParameter::check(_object*, std::vector<pybind11::handle, std::allocator<pybind11::handle>>&, int, long*)	[Unknown]	0
c10::TensorImpl::_fw_grad	1.950s	6,192,000,000	112,000,000	55.286	1.2%	61.5%	3.5%	21.8%	14.5%	21.8%	26.6%	0.0%	0.0%	0.0%	0.0%	13.5%	3.2 GHz	[Unknown]	c10::TensorImpl::_fw_grad(unsigned long, at::TensorBase const&) const	[Unknown]	0
__GI___pthread_once	1.940s	4,336,000,000	9,744,000,000	0.445	55.2%	24.2%	0.0%	10.4%	10.4%	3.5%	10.4%	0.0%	0.0%	0.0%	0.0%	0.0%	2.2 GHz	[Unknown]	__GI___pthread_once	pthread_once.c	0
free_unref_page_list	1.935s	6,592,000,000	6,416,000,000	1.027	31.0%	34.5%	23.0%	27.3%	2.3%	0.0%	4.6%	0.0%	0.0%	0.0%	0.0%	5.3%	3.4 GHz	[Unknown]	free_unref_page_list	[Unknown]	0
siphash24	1.925s	5,648,000,000	6,624,000,000	0.853	56.6%	56.6%	30.0%	0.0%	2.7%	15.9%	58.4%	0.0%	0.0%	0.0%	0.0%	0.0%	2.9 GHz	[Unknown]	siphash24	pyhash.c	0
skb_gro_receive	1.920s	8,960,000,000	8,560,000,000	1.047	62.6%	23.0%	0.0%	21.8%	0.0%	0.0%	3.3%	0.0%	0.0%	0.0%	0.0%	28.5%	4.7 GHz	[Unknown]	skb_gro_receive	[Unknown]	0
c10::DispatchKeySet::DispatchKeySet	1.920s	4,368,000,000	4,080,000,000	1.071	13.9%	91.2%	6.2%	0.0%	0.0%	0.0%	41.2%	0.0%	0.0%	0.0%	3.4%	0.0%	2.3 GHz	[Unknown]	c10::DispatchKeySet::DispatchKeySet(c10::DispatchKey)	[Unknown]	0
_PyDict_LoadGlobal	1.920s	7,584,000,000	240,000,000	31.600	5.7%	7.6%	0.0%	5.9%	0.0%	6.0%	27.7%	39.6%	0.0%	0.0%	0.0%	8.6%	3.9 GHz	[Unknown]	_PyDict_LoadGlobal	dictobject.c	0
PyDict_Contains	1.915s	3,616,000,000	1,840,000,000	1.965	9.3%	18.7%	9.3%	0.0%	0.0%	0.0%	41.5%	100.0%	0.0%	0.0%	0.0%	48.4%	1.9 GHz	[Unknown]	PyDict_Contains	dictobject.c	0
page_counter_cancel	1.915s	5,568,000,000	4,848,000,000	1.149	33.7%	29.7%	0.0%	21.6%	5.4%	8.1%	5.4%	0.0%	0.0%	26.9%	0.0%	0.0%	2.9 GHz	[Unknown]	page_counter_cancel	[Unknown]	0
lock_page_memcg	1.905s	7,232,000,000	14,144,000,000	0.511	59.0%	30.4%	0.9%	4.1%	4.1%	0.0%	4.1%	0.0%	0.0%	0.0%	0.0%	8.3%	3.8 GHz	[Unknown]	lock_page_memcg	[Unknown]	0
_Py_IS_TYPE	1.905s	10,880,000,000	2,912,000,000	3.736	14.7%	37.3%	0.6%	34.5%	0.0%	6.1%	24.8%	100.0%	0.0%	0.0%	4.1%	0.0%	5.7 GHz	[Unknown]	_Py_IS_TYPE	object.h	0
__slab_free	1.895s	7,600,000,000	4,848,000,000	1.568	16.6%	7.9%	4.3%	27.6%	0.0%	0.0%	7.9%	0.0%	0.0%	0.0%	3.9%	34.6%	4.0 GHz	[Unknown]	__slab_free	[Unknown]	0
uncharge_page	1.885s	4,720,000,000	11,104,000,000	0.425	100.0%	36.8%	39.5%	25.4%	0.0%	0.0%	0.0%	0.0%	0.0%	0.0%	0.0%	0.0%	2.5 GHz	[Unknown]	uncharge_page	[Unknown]	0
at::TensorIteratorBase::populate_operands	1.885s	5,520,000,000	3,728,000,000	1.481	26.9%	65.6%	1.1%	0.0%	2.7%	19.0%	27.2%	0.0%	0.0%	0.0%	16.3%	4.8%	2.9 GHz	[Unknown]	at::TensorIteratorBase::populate_operands(at::TensorIteratorConfig&)	[Unknown]	0
at::TensorIteratorBase::compute_shape	1.885s	8,048,000,000	1,472,000,000	5.467	12.8%	39.8%	2.3%	24.2%	3.7%	0.0%	11.2%	0.0%	0.0%	0.0%	0.0%	10.8%	4.3 GHz	[Unknown]	at::TensorIteratorBase::compute_shape(at::TensorIteratorConfig const&)	[Unknown]	0
_PyObject_GenericSetAttrWithDict	1.880s	7,200,000,000	4,720,000,000	1.525	21.7%	19.8%	2.8%	0.0%	8.3%	6.0%	50.0%	72.9%	0.0%	0.0%	10.4%	23.3%	3.8 GHz	[Unknown]	_PyObject_GenericSetAttrWithDict	object.c	0
type_call	1.865s	8,384,000,000	2,000,000,000	4.192	8.1%	42.0%	15.2%	0.0%	1.8%	0.0%	60.8%	53.7%	0.0%	0.0%	8.9%	17.3%	4.5 GHz	[Unknown]	type_call	typeobject.c	0
c10::intrusive_ptr<c10::VariableVersion::VersionCounter, c10::detail::intrusive_target_default_null_type<c10::VariableVersion::VersionCounter>>::reset_	1.860s	8,432,000,000	2,176,000,000	3.875	11.2%	40.6%	4.2%	24.9%	0.0%	21.3%	24.9%	0.0%	0.0%	0.0%	0.0%	0.0%	4.5 GHz	[Unknown]	c10::intrusive_ptr<c10::VariableVersion::VersionCounter, c10::detail::intrusive_target_default_null_type<c10::VariableVersion::VersionCounter>>::reset_(void)	[Unknown]	0